photo_number,original_index,source,split,image,label,objects,web_revision,image_sha256,original_split
1,0,camera_20260928_171608.png,train,images/train/0000_camera_20260928_171608.png,labels/train/0000_camera_20260928_171608.txt,2,2,3554475abd3c563742dfbeb841d351aaa177d596d153cce65e1a88a696000db8,train
2,1,camera_20260928_171623.png,train,images/train/0001_camera_20260928_171623.png,labels/train/0001_camera_20260928_171623.txt,2,0,030073215e16c9d7aecf461a6a7dddf8e191d60d0f95a5f7d571b764d9133e08,train
3,2,camera_20260928_171641.png,train,images/train/0002_camera_20260928_171641.png,labels/train/0002_camera_20260928_171641.txt,2,0,affce44126f335e13208a7379f977f372c33c7bc7ce706d77432470b92c4fbcf,train
4,3,camera_20260928_171713.png,train,images/train/0003_camera_20260928_171713.png,labels/train/0003_camera_20260928_171713.txt,2,0,5b5c3476a18af8b6c2bd63171739efc109fdfad56a2e92f9ac280c1d381f677f,train
5,4,camera_20260928_171726.png,train,images/train/0004_camera_20260928_171726.png,labels/train/0004_camera_20260928_171726.txt,2,0,c84af7405eb62858332d20a4be7c1656404471eb56d59ba97fe55377a8b5d824,train
6,5,camera_20260928_171739.png,train,images/train/0005_camera_20260928_171739.png,labels/train/0005_camera_20260928_171739.txt,2,0,b6c2ba0555b97fc55dfeaf719196253e501fecfa3066cef84ee047481d097e60,train
7,6,camera_20260928_171752.png,train,images/train/0006_camera_20260928_171752.png,labels/train/0006_camera_20260928_171752.txt,2,0,6c12ac5074da880d2b3343c770412936be42a95ea82f3eb799e2d19c95fb8d28,train
8,7,camera_20260928_171811.png,train,images/train/0007_camera_20260928_171811.png,labels/train/0007_camera_20260928_171811.txt,2,0,ac8ea0a8ca264e3da43eb205c19fd088b0fd83a9a65b280283bf4c47f4e4cea2,train
9,8,camera_20260928_171833.png,train,images/train/0008_camera_20260928_171833.png,labels/train/0008_camera_20260928_171833.txt,2,0,a188db4bc5d647c14ee61f53f0aaa4830149e71575967a829219a6e10922da51,train
10,9,camera_20260928_171847.png,train,images/train/0009_camera_20260928_171847.png,labels/train/0009_camera_20260928_171847.txt,2,0,2b91dfedc8d71d6170fcbb61da4e0d70e9faf8bb77d3de8d72ab7da851239b74,train
11,10,camera_20260928_171901.png,train,images/train/0010_camera_20260928_171901.png,labels/train/0010_camera_20260928_171901.txt,2,0,1ef3e369e8c6236d5ed53ac57bf665c7e41f92b74db1fb5781050413fb0b6be9,train
12,11,camera_20260928_171912.png,train,images/train/0011_camera_20260928_171912.png,labels/train/0011_camera_20260928_171912.txt,2,0,190c1207c73348b28130dbb8d657416c3aa4f42a17fe64aa1ad16a9f340eb57a,train
13,12,camera_20260928_171917.png,train,images/train/0012_camera_20260928_171917.png,labels/train/0012_camera_20260928_171917.txt,2,0,445529f5b904166c07f4720049bb3b0fa46f3509c7c79a0d288f4838297f56d2,train
14,13,camera_20260928_171933.png,train,images/train/0013_camera_20260928_171933.png,labels/train/0013_camera_20260928_171933.txt,2,1,a5b1b148069fecbb46e19b755adcfa0c86cf5f4cd579ce1cce5d53c4dc8f857e,train
15,14,camera_20260928_171942.png,train,images/train/0014_camera_20260928_171942.png,labels/train/0014_camera_20260928_171942.txt,2,1,ebba9ff74c766446000d92f543bed19eb14df51fbd7027b46973d5bf2dc25b7e,train
16,15,camera_20260928_171959.png,train,images/train/0015_camera_20260928_171959.png,labels/train/0015_camera_20260928_171959.txt,2,0,e2d2fc5de8845d822fa7c8d7e048d56a5f9e2407abc4a72de24f4cc0d75436ca,train
17,16,camera_20260928_172014.png,val,images/val/0016_camera_20260928_172014.png,labels/val/0016_camera_20260928_172014.txt,2,0,c63d2696e9e7100375635cc8129876252d4ca0cfa1c0fb09154bfcdb3ed31c4d,train
18,17,camera_20260928_172023.png,val,images/val/0017_camera_20260928_172023.png,labels/val/0017_camera_20260928_172023.txt,2,0,4958f30616c29880dda1bc13d4ff113fc2b53dc1698b1437282cf7ce4e659bb7,train
19,18,camera_20260928_172042.png,val,images/val/0018_camera_20260928_172042.png,labels/val/0018_camera_20260928_172042.txt,2,1,93ba776c500a7505929ab49b08624146f18dfeebd94875491625649d9a5800e7,train
20,19,camera_20260928_172109.png,val,images/val/0019_camera_20260928_172109.png,labels/val/0019_camera_20260928_172109.txt,2,0,824dde16d992a7bf30ebed3a546c9f73f92c10d703c641f8c75b0310afd3891c,train
21,20,camera_20260928_172132.png,train,images/train/0020_camera_20260928_172132.png,labels/train/0020_camera_20260928_172132.txt,2,1,8a46b19fb4996ae425305b4415bbe7f386b963ccdc09c607cfc649ce6bf19687,train
22,21,camera_20260928_172143.png,train,images/train/0021_camera_20260928_172143.png,labels/train/0021_camera_20260928_172143.txt,2,0,402dd3aeb96f54d464dad6183eae4f9b1a63c699fb431330c22372c6d7025e9e,train
23,22,camera_20260928_172153.png,train,images/train/0022_camera_20260928_172153.png,labels/train/0022_camera_20260928_172153.txt,2,1,c798453c05d968d3d87d0683c034f0865d7d39b0b71a35f4eef2112d6c76770b,train
24,23,camera_20260928_172200.png,train,images/train/0023_camera_20260928_172200.png,labels/train/0023_camera_20260928_172200.txt,2,0,99f4db382123f62060459392e3784430ac56d681f75a39aca3a329529aeff26b,train
25,24,camera_20260928_172220.png,train,images/train/0024_camera_20260928_172220.png,labels/train/0024_camera_20260928_172220.txt,2,1,79b655a2a3936624a9b99c04380f9116d931a4be90f6f2ca48493a5406668bd7,train
26,25,camera_20260928_172225.png,train,images/train/0025_camera_20260928_172225.png,labels/train/0025_camera_20260928_172225.txt,2,1,06ad80ef859a7809e200d0f2c534144cec20e34b306aa5dabecebeb41801a75d,train
27,26,camera_20260928_172235.png,train,images/train/0026_camera_20260928_172235.png,labels/train/0026_camera_20260928_172235.txt,2,1,1550ce8e2a2b471f7699d97df82c1f4a499809a29726f974953cd22f5ce5d1f0,train
28,27,camera_20260928_172244.png,train,images/train/0027_camera_20260928_172244.png,labels/train/0027_camera_20260928_172244.txt,2,1,c63dc6998becbb563709ab8bbfe2f2bf6bd08c8b8ff0806d09586a35f757dcc4,train
29,28,camera_20260928_172303.png,train,images/train/0028_camera_20260928_172303.png,labels/train/0028_camera_20260928_172303.txt,2,0,e72adb7342728e919d69c3b01bbeb60c5f3cc0295d2496dd7e63e32e22814773,train
30,29,camera_20260928_172313.png,train,images/train/0029_camera_20260928_172313.png,labels/train/0029_camera_20260928_172313.txt,2,0,3c4d2231e3f22993762a5fb7fd823b818fb820e78f1de5cb97c84e27ec3f40f2,train
31,30,camera_20260928_172323.png,train,images/train/0030_camera_20260928_172323.png,labels/train/0030_camera_20260928_172323.txt,2,0,23f50887982d80ce59fec2e834f4ca517ac32e8aab347e234cefbc511998fc4a,train
32,31,camera_20260928_172332.png,train,images/train/0031_camera_20260928_172332.png,labels/train/0031_camera_20260928_172332.txt,2,0,7134bf30f50951c1150a34c1e9f92225ed5ddd8223156d9ae44620f399a443a5,train
33,32,camera_20260928_172415.png,train,images/train/0032_camera_20260928_172415.png,labels/train/0032_camera_20260928_172415.txt,2,0,5f16a2617ccfc0d7737e82dbd9fe80dc9a33679567b0c6069c8d7170b2a2c841,train
34,33,camera_20260928_172427.png,train,images/train/0033_camera_20260928_172427.png,labels/train/0033_camera_20260928_172427.txt,2,0,7c555c3e973232abe9cf7ca5cf420a1228ba4f03cd17df78488277d26624b1d8,train
35,34,camera_20260928_172439.png,train,images/train/0034_camera_20260928_172439.png,labels/train/0034_camera_20260928_172439.txt,1,0,9517f02e58a4ee2b783e03350aa984c211bd145fc4f824f507a332cfafc4e6bc,train
36,35,camera_20260928_172447.png,train,images/train/0035_camera_20260928_172447.png,labels/train/0035_camera_20260928_172447.txt,2,1,bb947ac9bcf242d5b6a7573ff700c5c784e366029661b98e490fbe4958f1aa8a,train
37,36,camera_20260928_172501.png,train,images/train/0036_camera_20260928_172501.png,labels/train/0036_camera_20260928_172501.txt,2,0,f80fd187147c7ce87f8c06a1404595fe611722dac37fd069c3746c654387317c,train
38,37,camera_20260928_172513.png,train,images/train/0037_camera_20260928_172513.png,labels/train/0037_camera_20260928_172513.txt,2,0,0d8e51af409972dd112f74cfbe86c315623a85028cda8baabe1c7a17df7b341a,train
39,38,camera_20260928_172537.png,train,images/train/0038_camera_20260928_172537.png,labels/train/0038_camera_20260928_172537.txt,2,0,a1dcd62042aa68b73f581a37aba4e75ef83683766806a37a004113f638f03384,train
40,39,camera_20260928_172546.png,train,images/train/0039_camera_20260928_172546.png,labels/train/0039_camera_20260928_172546.txt,2,1,f8e3dcf224a6122bc0718a5e18a233ab4fca85c6f1442f5e317416d14e9dce9e,train
41,40,camera_20260928_172554.png,train,images/train/0040_camera_20260928_172554.png,labels/train/0040_camera_20260928_172554.txt,2,0,bdab84c141481d79b60d28d8a9c3003d38017f7b2e714461e2772c949cdf657b,train
43,42,camera_20260928_172611.png,train,images/train/0042_camera_20260928_172611.png,labels/train/0042_camera_20260928_172611.txt,2,1,301d77c5429ac3620fb9d755361fe51f25b8bfba1761dd11c1a9d67294ea41f7,train
44,43,camera_20260928_172619.png,train,images/train/0043_camera_20260928_172619.png,labels/train/0043_camera_20260928_172619.txt,2,0,ac42c69da840a7623c1a6ffc1cfb4228101fec33d67536c85540089ee3b7c958,train
45,44,camera_20260928_172628.png,train,images/train/0044_camera_20260928_172628.png,labels/train/0044_camera_20260928_172628.txt,2,1,47023ff4e6fa4cdb2b3b980d04a1ce604a0c1cf8a48cd9e4808f2c7ea047245a,train
46,45,camera_20260928_172636.png,train,images/train/0045_camera_20260928_172636.png,labels/train/0045_camera_20260928_172636.txt,2,0,f1fb10128b2c2b86057c68491fa96e5ee1d57fc76bcd2028c024e5d3bdee43d2,train
47,46,camera_20260928_172644.png,train,images/train/0046_camera_20260928_172644.png,labels/train/0046_camera_20260928_172644.txt,2,1,c640d8fbb698ec81938824ee7ff94c19959682e310bde7299594d1be1e5f6523,train
48,47,camera_20260928_172655.png,train,images/train/0047_camera_20260928_172655.png,labels/train/0047_camera_20260928_172655.txt,2,0,6518fb28bcc465e75d5439ef5b79db56f2971283866e0e452486d2f414ae7d99,train
50,49,camera_20260928_172739.png,train,images/train/0049_camera_20260928_172739.png,labels/train/0049_camera_20260928_172739.txt,2,1,38ce30857baadbe905278b3dbed680fd668d573dd85b2bd93de3f3d01cdd35d7,train
51,50,camera_20260928_172749.png,train,images/train/0050_camera_20260928_172749.png,labels/train/0050_camera_20260928_172749.txt,2,1,b5327d41bf54df0dc1fad14b6b3d1347406606cd97d8990184c8cfdbd7871c30,train
52,51,camera_20260928_172800.png,train,images/train/0051_camera_20260928_172800.png,labels/train/0051_camera_20260928_172800.txt,2,0,5ba0ea3758766776a212e69f9dc7e4842760222245958f5f714e6284b7175cd7,train
53,52,camera_20260928_172811.png,train,images/train/0052_camera_20260928_172811.png,labels/train/0052_camera_20260928_172811.txt,2,0,7a4db6cb913ff6c09d1dd576401449218f2bab3d0a7231af3ead82f24c9f55b5,train
54,53,camera_20260928_172843.png,train,images/train/0053_camera_20260928_172843.png,labels/train/0053_camera_20260928_172843.txt,2,0,d71545f94a2c8ab4e31ee33c53b130ead1fe4ca2d3d50534d6d41e43583fa18d,train
55,54,camera_20260928_172855.png,test,images/test/0054_camera_20260928_172855.png,labels/test/0054_camera_20260928_172855.txt,2,0,d41684ae534d7e89bb820676d39f6daa8cc2d4c9b71ed3498d6f21aeb205620a,train
56,55,camera_20260928_172907.png,test,images/test/0055_camera_20260928_172907.png,labels/test/0055_camera_20260928_172907.txt,2,0,71dfc3fa611bad730580d65eb22eb4dd50fcdf73354d9c3191dfe87bcd372af8,train
57,56,camera_20260928_172925.png,test,images/test/0056_camera_20260928_172925.png,labels/test/0056_camera_20260928_172925.txt,2,0,f547de04902affdf0bb11103ffc3a6e8862afe4f15ea520cd3f345e571bf3f2e,train
58,57,camera_20260928_172941.png,test,images/test/0057_camera_20260928_172941.png,labels/test/0057_camera_20260928_172941.txt,2,0,783350b8bdf485d6e7f107bf4f33ba08198732ffc910e400c93eedca914ef1b9,train
59,58,camera_20260928_172954.png,train,images/train/0058_camera_20260928_172954.png,labels/train/0058_camera_20260928_172954.txt,2,0,7d2ae54470663e0ffc52281347d80094fca98ae92e7ad316fa0b0b0d8f17757a,train
60,59,camera_20260928_173004.png,train,images/train/0059_camera_20260928_173004.png,labels/train/0059_camera_20260928_173004.txt,2,0,ad6f09def5c823a34f4878d5df24bfba3e9ec759f1b3c662a4653c20d01d942a,train
61,60,camera_20260928_173013.png,train,images/train/0060_camera_20260928_173013.png,labels/train/0060_camera_20260928_173013.txt,2,0,70ab58b45867a3379040ee7adb80b2de94ad9c57279023b82d629e3813cc9dcf,train
62,61,camera_20260928_173024.png,train,images/train/0061_camera_20260928_173024.png,labels/train/0061_camera_20260928_173024.txt,1,0,cc4dc4b935dbf23008b7db778c188036976d8adcde9c05dcd6aa2b4cab9a8a69,train
63,62,camera_20260928_173038.png,train,images/train/0062_camera_20260928_173038.png,labels/train/0062_camera_20260928_173038.txt,2,0,e9d161bc9dee2c31f9d50d55a9bb655ed94dcdec46189331ae033eebb65a8acd,train
64,63,camera_20260928_173049.png,train,images/train/0063_camera_20260928_173049.png,labels/train/0063_camera_20260928_173049.txt,2,0,946eba564ea5f3018bc3ce449223d999d3ce90a742637306327f39130dac6181,train
65,64,camera_20260928_173100.png,train,images/train/0064_camera_20260928_173100.png,labels/train/0064_camera_20260928_173100.txt,2,0,8201583602ac188d555a65ae57beae48af762b5c0f17b9aab540e198fc473e53,train
66,65,camera_20260928_173108.png,train,images/train/0065_camera_20260928_173108.png,labels/train/0065_camera_20260928_173108.txt,2,0,be0f56539119b65819b3bcae5f41a1473af6992e590c2dce8b2764eeeb4df1b4,train
67,66,camera_20260928_173118.png,train,images/train/0066_camera_20260928_173118.png,labels/train/0066_camera_20260928_173118.txt,2,0,539f4ab3ad5521bf80605d2904c202a0c84fd6ed27cce714a87f1aa07558fe21,train
68,67,camera_20260928_173133.png,train,images/train/0067_camera_20260928_173133.png,labels/train/0067_camera_20260928_173133.txt,2,0,1b6d4b2b4e6f0d707d965ea7b60213a595988757115d4484c6b019f1a20657e9,train
69,68,camera_20260928_173142.png,train,images/train/0068_camera_20260928_173142.png,labels/train/0068_camera_20260928_173142.txt,2,0,dcccaae686ec49165f59650137aae892d2574e76dcbd1a8c0328fe12ba76223b,train
70,69,camera_20260928_173153.png,train,images/train/0069_camera_20260928_173153.png,labels/train/0069_camera_20260928_173153.txt,2,1,73027ee769bfc03ab2a7cba42d27d8acfbaec453e3af69cb13e35fb28512415e,train
71,70,camera_20260928_173208.png,train,images/train/0070_camera_20260928_173208.png,labels/train/0070_camera_20260928_173208.txt,2,0,f346d40e004d55c097d78156c076655b5160754798f47f05deb1b95e32a19764,train
72,71,camera_20260928_173217.png,train,images/train/0071_camera_20260928_173217.png,labels/train/0071_camera_20260928_173217.txt,2,0,b538eb255995740f589e10abec75b05e1163e1a6fb405bd7bf62fe09f4fb02fc,train
73,72,camera_20260928_173225.png,train,images/train/0072_camera_20260928_173225.png,labels/train/0072_camera_20260928_173225.txt,2,0,f1322b61bfc0be9b02551d4e5423f56276ee72664bae9c29615a6904821fd246,train
74,73,camera_20260928_173246.png,train,images/train/0073_camera_20260928_173246.png,labels/train/0073_camera_20260928_173246.txt,2,0,1d47972829752624ebeaa44d4a97de25a5bb8328fc87e56a6faf8330a003d3a0,train
75,74,camera_20260928_173254.png,train,images/train/0074_camera_20260928_173254.png,labels/train/0074_camera_20260928_173254.txt,2,0,b7ad50dcab43fccbb4168f186c97c8133802b818ec1235d1cba7d180f8bbfd99,train
76,75,scan_5abb71d764a04053909f05fd951275f9/5abb71d764a04053909f05fd951275f9/0001_yaw030_pitch090.png,train,images/train/0075_0001_yaw030_pitch090.png,labels/train/0075_0001_yaw030_pitch090.txt,2,1,a041fdaaee29f2099a7c89d2a1456f66f253672054284c039d43e39d5d65b8d0,train
77,76,scan_5abb71d764a04053909f05fd951275f9/5abb71d764a04053909f05fd951275f9/0002_yaw033_pitch090.png,train,images/train/0076_0002_yaw033_pitch090.png,labels/train/0076_0002_yaw033_pitch090.txt,2,1,0edfcf4a90cb6d7c023f56f35f886cf6ebad741a88beb8c7046992fd27b55cff,train
78,77,scan_5abb71d764a04053909f05fd951275f9/5abb71d764a04053909f05fd951275f9/0003_yaw036_pitch090.png,train,images/train/0077_0003_yaw036_pitch090.png,labels/train/0077_0003_yaw036_pitch090.txt,2,1,ca01f8b935869243857e48deaee338de44297e48c76a54ca79206e97da822f59,train
79,78,scan_5abb71d764a04053909f05fd951275f9/5abb71d764a04053909f05fd951275f9/0004_yaw039_pitch090.png,train,images/train/0078_0004_yaw039_pitch090.png,labels/train/0078_0004_yaw039_pitch090.txt,2,1,04f4a241a31d7ff7789fe8d497f3dc69c35fe88d9ab3ee0a26065527f7ceba19,train
80,79,scan_5abb71d764a04053909f05fd951275f9/5abb71d764a04053909f05fd951275f9/0005_yaw042_pitch090.png,train,images/train/0079_0005_yaw042_pitch090.png,labels/train/0079_0005_yaw042_pitch090.txt,2,1,c703f3752703978f8cf8598bf8bccd8a967b8b35e0769d69c30a80d33c673154,train
81,80,scan_5abb71d764a04053909f05fd951275f9/5abb71d764a04053909f05fd951275f9/0006_yaw045_pitch090.png,train,images/train/0080_0006_yaw045_pitch090.png,labels/train/0080_0006_yaw045_pitch090.txt,2,1,60fef380c1a64d79f9c43b02016e08f63fe7eef1393db24ee1c1a95fee2d7642,train
82,81,scan_5abb71d764a04053909f05fd951275f9/5abb71d764a04053909f05fd951275f9/0007_yaw048_pitch090.png,train,images/train/0081_0007_yaw048_pitch090.png,labels/train/0081_0007_yaw048_pitch090.txt,2,1,9eb32d27caccbf04fd757170abc663afb411dbd2b4fc5414dedecbb061a0d8da,train
83,82,scan_5abb71d764a04053909f05fd951275f9/5abb71d764a04053909f05fd951275f9/0008_yaw051_pitch090.png,train,images/train/0082_0008_yaw051_pitch090.png,labels/train/0082_0008_yaw051_pitch090.txt,2,1,e66c5146a8754bad714fc844a608aeea920fd52080d62f904f2066bf3135abdf,train
84,83,scan_5abb71d764a04053909f05fd951275f9/5abb71d764a04053909f05fd951275f9/0009_yaw054_pitch090.png,train,images/train/0083_0009_yaw054_pitch090.png,labels/train/0083_0009_yaw054_pitch090.txt,2,1,1f4b88b323f0dc6f1392793bc97aa686473ca32f35b7333b740bebeb2ccb5b0a,train
85,84,scan_5abb71d764a04053909f05fd951275f9/5abb71d764a04053909f05fd951275f9/0010_yaw057_pitch090.png,train,images/train/0084_0010_yaw057_pitch090.png,labels/train/0084_0010_yaw057_pitch090.txt,2,1,28ef4c538da6199089fae35f906023f7a35a98d2e2a5328775f2136c0557715d,train
86,85,scan_5abb71d764a04053909f05fd951275f9/5abb71d764a04053909f05fd951275f9/0011_yaw060_pitch090.png,train,images/train/0085_0011_yaw060_pitch090.png,labels/train/0085_0011_yaw060_pitch090.txt,2,1,8a2a4d6aee76f1247ca738a87ef9e20b9e86aff3bb6bd58239b983df002c1b9f,train
87,86,scan_5abb71d764a04053909f05fd951275f9/5abb71d764a04053909f05fd951275f9/0012_yaw063_pitch090.png,train,images/train/0086_0012_yaw063_pitch090.png,labels/train/0086_0012_yaw063_pitch090.txt,2,1,cbb7d0a845ecfe184b883715d6dce5ff1b2a91a9cb6596ab9858c138cdb8099d,train
88,87,scan_5abb71d764a04053909f05fd951275f9/5abb71d764a04053909f05fd951275f9/0013_yaw066_pitch090.png,train,images/train/0087_0013_yaw066_pitch090.png,labels/train/0087_0013_yaw066_pitch090.txt,2,1,2e73badcbd435ff49bef587ef52227f260ebac03c040577a3dfd1f072260df56,train
89,88,scan_5abb71d764a04053909f05fd951275f9/5abb71d764a04053909f05fd951275f9/0014_yaw069_pitch090.png,train,images/train/0088_0014_yaw069_pitch090.png,labels/train/0088_0014_yaw069_pitch090.txt,2,1,e8f5cd530f20314d96d1f43efb80908f03273f4c874030d2867dca4104a79f89,train
90,89,scan_5abb71d764a04053909f05fd951275f9/5abb71d764a04053909f05fd951275f9/0015_yaw072_pitch090.png,train,images/train/0089_0015_yaw072_pitch090.png,labels/train/0089_0015_yaw072_pitch090.txt,2,1,8c31862e858bab2962ccc671ec20d2e923254f21648fd2bf92f2b36e423c376d,train
91,90,scan_5abb71d764a04053909f05fd951275f9/5abb71d764a04053909f05fd951275f9/0016_yaw075_pitch090.png,train,images/train/0090_0016_yaw075_pitch090.png,labels/train/0090_0016_yaw075_pitch090.txt,2,1,6625991a7d3a0f42c829c0666464f5f6d6910119d41a06599ec9bd30111035ad,train
92,91,scan_5abb71d764a04053909f05fd951275f9/5abb71d764a04053909f05fd951275f9/0017_yaw078_pitch090.png,train,images/train/0091_0017_yaw078_pitch090.png,labels/train/0091_0017_yaw078_pitch090.txt,2,1,75a276f767d49fd3d64551f96fc73e00831c7dc4cc96004422a4b88c7ee141f2,train
93,92,scan_5abb71d764a04053909f05fd951275f9/5abb71d764a04053909f05fd951275f9/0018_yaw081_pitch090.png,train,images/train/0092_0018_yaw081_pitch090.png,labels/train/0092_0018_yaw081_pitch090.txt,2,1,e0654c9f16be554528d42c77badb47e17db238788fd41eedadb749bfdb519a63,train
94,93,scan_5abb71d764a04053909f05fd951275f9/5abb71d764a04053909f05fd951275f9/0019_yaw084_pitch090.png,train,images/train/0093_0019_yaw084_pitch090.png,labels/train/0093_0019_yaw084_pitch090.txt,2,0,7629d7f0a84b74a8c2d18dd3433fbda25c88ab8921c2c02625ce68f79c7a21a4,train
95,94,scan_5abb71d764a04053909f05fd951275f9/5abb71d764a04053909f05fd951275f9/0020_yaw087_pitch090.png,train,images/train/0094_0020_yaw087_pitch090.png,labels/train/0094_0020_yaw087_pitch090.txt,2,1,c238956d813fead7ddd4549003e1979639aa451c7797c936c29ff6179447ca7b,train
96,95,scan_5abb71d764a04053909f05fd951275f9/5abb71d764a04053909f05fd951275f9/0021_yaw090_pitch090.png,train,images/train/0095_0021_yaw090_pitch090.png,labels/train/0095_0021_yaw090_pitch090.txt,2,0,307630bd3991d2190e9929fb39dc086f30404c0138c30221d7196ee5cfc3ebc7,train
97,96,scan_5abb71d764a04053909f05fd951275f9/5abb71d764a04053909f05fd951275f9/0022_yaw090_pitch093.png,train,images/train/0096_0022_yaw090_pitch093.png,labels/train/0096_0022_yaw090_pitch093.txt,2,0,95b48e34983c2ea30ac36ac66ac19dd7fb269507f1816ed22ec50d29229b8566,train
98,97,scan_5abb71d764a04053909f05fd951275f9/5abb71d764a04053909f05fd951275f9/0023_yaw087_pitch093.png,train,images/train/0097_0023_yaw087_pitch093.png,labels/train/0097_0023_yaw087_pitch093.txt,2,0,1987b44490a796f52150764924d04bfe8a031e8db88b0f27f6d531beed72abd9,train
99,98,scan_5abb71d764a04053909f05fd951275f9/5abb71d764a04053909f05fd951275f9/0024_yaw084_pitch093.png,train,images/train/0098_0024_yaw084_pitch093.png,labels/train/0098_0024_yaw084_pitch093.txt,2,0,9f45976dbabf3ba51fb64b5ec34bbebb2c4c33caeba546abb576adb03d8c956c,train
100,99,scan_5abb71d764a04053909f05fd951275f9/5abb71d764a04053909f05fd951275f9/0025_yaw081_pitch093.png,train,images/train/0099_0025_yaw081_pitch093.png,labels/train/0099_0025_yaw081_pitch093.txt,2,0,22eeadeb3417c5552a5b81c99d6f91a5de48d0e295252e74b66cf6e5221ae7b9,train
101,100,scan_5abb71d764a04053909f05fd951275f9/5abb71d764a04053909f05fd951275f9/0026_yaw078_pitch093.png,train,images/train/0100_0026_yaw078_pitch093.png,labels/train/0100_0026_yaw078_pitch093.txt,2,0,f654023fb211c8291c770999210237527b3c40a6dd4901f18de8dd5b4b108f50,train
102,101,scan_5abb71d764a04053909f05fd951275f9/5abb71d764a04053909f05fd951275f9/0027_yaw075_pitch093.png,train,images/train/0101_0027_yaw075_pitch093.png,labels/train/0101_0027_yaw075_pitch093.txt,2,0,4597f09efcf89873232c0b3f201d9352864aae3068cb7b4f38d5f6e72c172ab9,train
103,102,scan_5abb71d764a04053909f05fd951275f9/5abb71d764a04053909f05fd951275f9/0028_yaw072_pitch093.png,train,images/train/0102_0028_yaw072_pitch093.png,labels/train/0102_0028_yaw072_pitch093.txt,2,1,816c136ccc94fc888f30903283523e5cd01ecfd6ec56d21d4b59563dd75226c8,train
104,103,scan_5abb71d764a04053909f05fd951275f9/5abb71d764a04053909f05fd951275f9/0029_yaw069_pitch093.png,train,images/train/0103_0029_yaw069_pitch093.png,labels/train/0103_0029_yaw069_pitch093.txt,2,1,21b49af9085af6ad7de8459a92d92915c29acc37f1236fdeb8600e71693f728d,train
105,104,scan_5abb71d764a04053909f05fd951275f9/5abb71d764a04053909f05fd951275f9/0030_yaw066_pitch093.png,train,images/train/0104_0030_yaw066_pitch093.png,labels/train/0104_0030_yaw066_pitch093.txt,2,2,86d0058d36f02be94375781e4bfbc79ae5a25e75af6cfc72d61c0b4fb0e728a4,train
106,105,scan_5abb71d764a04053909f05fd951275f9/5abb71d764a04053909f05fd951275f9/0031_yaw063_pitch093.png,train,images/train/0105_0031_yaw063_pitch093.png,labels/train/0105_0031_yaw063_pitch093.txt,2,1,96ecb04119564209a1107b7385ed7b81efb8f21780961bbe1613ebefdd2617c0,train
107,106,scan_5abb71d764a04053909f05fd951275f9/5abb71d764a04053909f05fd951275f9/0032_yaw060_pitch093.png,train,images/train/0106_0032_yaw060_pitch093.png,labels/train/0106_0032_yaw060_pitch093.txt,2,2,d808a286224e91575d79b37a6c58eb2354d26e166c6d5d930346e6454436f978,train
108,107,scan_5abb71d764a04053909f05fd951275f9/5abb71d764a04053909f05fd951275f9/0033_yaw057_pitch093.png,train,images/train/0107_0033_yaw057_pitch093.png,labels/train/0107_0033_yaw057_pitch093.txt,2,1,417a3b64825f6a66024e7ef097d07abf6c1d95e0c112123f6ad68ca2d39c9716,train
109,108,scan_5abb71d764a04053909f05fd951275f9/5abb71d764a04053909f05fd951275f9/0034_yaw054_pitch093.png,train,images/train/0108_0034_yaw054_pitch093.png,labels/train/0108_0034_yaw054_pitch093.txt,2,1,ff008d95e72c84be78c9b34171113a6cc469e56d65acd9259442a7edf011fbd6,train
110,109,scan_5abb71d764a04053909f05fd951275f9/5abb71d764a04053909f05fd951275f9/0035_yaw051_pitch093.png,train,images/train/0109_0035_yaw051_pitch093.png,labels/train/0109_0035_yaw051_pitch093.txt,2,1,9cfd3ef47aac04cd0344de311f6a3bd3ffb82a96eba64d2a19be3dd6f8cab019,train
111,110,scan_5abb71d764a04053909f05fd951275f9/5abb71d764a04053909f05fd951275f9/0036_yaw048_pitch093.png,train,images/train/0110_0036_yaw048_pitch093.png,labels/train/0110_0036_yaw048_pitch093.txt,2,1,571794bba8827de4aa54a5f930087afea29ba41b60f863099bd7df659363ff6e,train
112,111,scan_5abb71d764a04053909f05fd951275f9/5abb71d764a04053909f05fd951275f9/0037_yaw045_pitch093.png,train,images/train/0111_0037_yaw045_pitch093.png,labels/train/0111_0037_yaw045_pitch093.txt,2,1,aa71055556543633eb15b15a555c66109705d2d19549a1b61d1f95f2f93a081e,train
113,112,scan_5abb71d764a04053909f05fd951275f9/5abb71d764a04053909f05fd951275f9/0038_yaw042_pitch093.png,train,images/train/0112_0038_yaw042_pitch093.png,labels/train/0112_0038_yaw042_pitch093.txt,2,1,7fa8814b2641882e185a3e2c388e1c42764312ec6ee24d9b4c165adacfe876e2,train
114,113,scan_5abb71d764a04053909f05fd951275f9/5abb71d764a04053909f05fd951275f9/0039_yaw039_pitch093.png,val,images/val/0113_0039_yaw039_pitch093.png,labels/val/0113_0039_yaw039_pitch093.txt,2,1,53355a5638eb03e8d8e043133dfc6f143cb37083974f1ca6f8700a21d4b2c986,train
115,114,scan_5abb71d764a04053909f05fd951275f9/5abb71d764a04053909f05fd951275f9/0040_yaw036_pitch093.png,val,images/val/0114_0040_yaw036_pitch093.png,labels/val/0114_0040_yaw036_pitch093.txt,2,1,93b69c6c6ea4c52fb2bc7629a4e26ba622e2d6037c7d94919afdcbdbc1f320d8,train
116,115,scan_5abb71d764a04053909f05fd951275f9/5abb71d764a04053909f05fd951275f9/0041_yaw033_pitch093.png,val,images/val/0115_0041_yaw033_pitch093.png,labels/val/0115_0041_yaw033_pitch093.txt,2,1,cfd19feeb06aff64d9101080e91958fc77f47acccd23d1db71b37e97c01a8c67,train
117,116,scan_5abb71d764a04053909f05fd951275f9/5abb71d764a04053909f05fd951275f9/0042_yaw030_pitch093.png,val,images/val/0116_0042_yaw030_pitch093.png,labels/val/0116_0042_yaw030_pitch093.txt,2,1,eb38cc92c2eedaef7e1ae501a33644c9ec65e80843eecd3154b68fd6b54e6185,train
118,117,scan_5abb71d764a04053909f05fd951275f9/5abb71d764a04053909f05fd951275f9/0043_yaw030_pitch096.png,val,images/val/0117_0043_yaw030_pitch096.png,labels/val/0117_0043_yaw030_pitch096.txt,2,1,f46bf6b3ee688de1cbcba98f3251c7f0daafb458646e127375c0366855fad85e,train
119,118,scan_5abb71d764a04053909f05fd951275f9/5abb71d764a04053909f05fd951275f9/0044_yaw033_pitch096.png,val,images/val/0118_0044_yaw033_pitch096.png,labels/val/0118_0044_yaw033_pitch096.txt,2,1,09f3092ddca3476eee75958c23a29644f2d758438b6bb9c565df0ab527f86759,train
120,119,scan_5abb71d764a04053909f05fd951275f9/5abb71d764a04053909f05fd951275f9/0045_yaw036_pitch096.png,val,images/val/0119_0045_yaw036_pitch096.png,labels/val/0119_0045_yaw036_pitch096.txt,2,1,3fb894bd31a04bebe30783f2ac295f71dd4b8078c1ecde9b687864612de374a7,train
121,120,scan_5abb71d764a04053909f05fd951275f9/5abb71d764a04053909f05fd951275f9/0046_yaw039_pitch096.png,val,images/val/0120_0046_yaw039_pitch096.png,labels/val/0120_0046_yaw039_pitch096.txt,2,1,f58e7d2f695f0910b44e397a91dd455a0f1b3f38eb88369dcfbba70003d83f34,train
122,121,scan_5abb71d764a04053909f05fd951275f9/5abb71d764a04053909f05fd951275f9/0047_yaw042_pitch096.png,val,images/val/0121_0047_yaw042_pitch096.png,labels/val/0121_0047_yaw042_pitch096.txt,2,1,2a9328eefcdc8456391c95ec31e30779f1a802d06fbab5ff87340b2802c36820,train
123,122,scan_5abb71d764a04053909f05fd951275f9/5abb71d764a04053909f05fd951275f9/0048_yaw045_pitch096.png,train,images/train/0122_0048_yaw045_pitch096.png,labels/train/0122_0048_yaw045_pitch096.txt,2,1,d459181098e2bd4cab14bab74b040a7d7d537b57c1bfd294f312b49d27d2afc4,train
124,123,scan_5abb71d764a04053909f05fd951275f9/5abb71d764a04053909f05fd951275f9/0049_yaw048_pitch096.png,train,images/train/0123_0049_yaw048_pitch096.png,labels/train/0123_0049_yaw048_pitch096.txt,2,1,4ce01025e0fd62be6c68fb2ae46965d03343824a8500c2dcae9dc54c54b6ec17,train
125,124,scan_5abb71d764a04053909f05fd951275f9/5abb71d764a04053909f05fd951275f9/0050_yaw051_pitch096.png,train,images/train/0124_0050_yaw051_pitch096.png,labels/train/0124_0050_yaw051_pitch096.txt,2,1,3d80a5dd4807cbf9bcd4de421f171ed7f426f473aa6eb11a0cb0314bea583fcc,train
126,125,scan_5abb71d764a04053909f05fd951275f9/5abb71d764a04053909f05fd951275f9/0051_yaw054_pitch096.png,train,images/train/0125_0051_yaw054_pitch096.png,labels/train/0125_0051_yaw054_pitch096.txt,2,1,d6f47b3197d5eea2d7e351fcc5af2574a490b33f7eafbdb6a0b99b0a03fe71af,train
127,126,scan_5abb71d764a04053909f05fd951275f9/5abb71d764a04053909f05fd951275f9/0052_yaw057_pitch096.png,train,images/train/0126_0052_yaw057_pitch096.png,labels/train/0126_0052_yaw057_pitch096.txt,2,1,d48cec339419f6dc32f2960e98e07c94be7efd0b2ceb90fe4ae4ef6b7452e651,train
128,127,scan_5abb71d764a04053909f05fd951275f9/5abb71d764a04053909f05fd951275f9/0053_yaw060_pitch096.png,train,images/train/0127_0053_yaw060_pitch096.png,labels/train/0127_0053_yaw060_pitch096.txt,2,1,ee1ed728acc38206a719c1dbefb1ee3cc2c55dde0e680d635a16416d2708535b,train
129,128,scan_5abb71d764a04053909f05fd951275f9/5abb71d764a04053909f05fd951275f9/0054_yaw063_pitch096.png,train,images/train/0128_0054_yaw063_pitch096.png,labels/train/0128_0054_yaw063_pitch096.txt,2,1,da69ae897cb76754e2db70f2eba46ed5aa9146b69bf1e758e75736711ee47a9c,train
130,129,scan_5abb71d764a04053909f05fd951275f9/5abb71d764a04053909f05fd951275f9/0055_yaw066_pitch096.png,train,images/train/0129_0055_yaw066_pitch096.png,labels/train/0129_0055_yaw066_pitch096.txt,2,1,b916ba5434d550d7af4a3c31f7f14e5956be5cb9e5c5cbe356190777e9364a60,train
131,130,scan_5abb71d764a04053909f05fd951275f9/5abb71d764a04053909f05fd951275f9/0056_yaw069_pitch096.png,train,images/train/0130_0056_yaw069_pitch096.png,labels/train/0130_0056_yaw069_pitch096.txt,2,1,367c022321d44c007be4ffe214386a251913a8f1a9f96152a41dcbe1488c6e83,train
132,131,scan_5abb71d764a04053909f05fd951275f9/5abb71d764a04053909f05fd951275f9/0057_yaw072_pitch096.png,train,images/train/0131_0057_yaw072_pitch096.png,labels/train/0131_0057_yaw072_pitch096.txt,2,1,b1357026216039e809c2daea82a603f7a1e224a99900784e792b01e4998ab47e,train
133,132,scan_5abb71d764a04053909f05fd951275f9/5abb71d764a04053909f05fd951275f9/0058_yaw075_pitch096.png,train,images/train/0132_0058_yaw075_pitch096.png,labels/train/0132_0058_yaw075_pitch096.txt,2,1,cb60896a507f66b4ba41f78b4dc32303d7c904f2e957a3d744b7de8ffb109db4,train
134,133,scan_5abb71d764a04053909f05fd951275f9/5abb71d764a04053909f05fd951275f9/0059_yaw078_pitch096.png,train,images/train/0133_0059_yaw078_pitch096.png,labels/train/0133_0059_yaw078_pitch096.txt,2,0,c0871983214d361fe9adfbee44e6a0d6d31ea972f33261dd658fd179d7f97d8f,train
135,134,scan_5abb71d764a04053909f05fd951275f9/5abb71d764a04053909f05fd951275f9/0060_yaw081_pitch096.png,train,images/train/0134_0060_yaw081_pitch096.png,labels/train/0134_0060_yaw081_pitch096.txt,2,0,ec8747683e644cd6cb326288a92a4901ec85b58b360d8aa3a74010ff8a642422,train
136,135,scan_5abb71d764a04053909f05fd951275f9/5abb71d764a04053909f05fd951275f9/0061_yaw084_pitch096.png,train,images/train/0135_0061_yaw084_pitch096.png,labels/train/0135_0061_yaw084_pitch096.txt,2,0,5f4f1616475ae8b3cde60b60edcaffb85890d469dd859cfb81cb8df61617e2e0,train
137,136,scan_5abb71d764a04053909f05fd951275f9/5abb71d764a04053909f05fd951275f9/0062_yaw087_pitch096.png,train,images/train/0136_0062_yaw087_pitch096.png,labels/train/0136_0062_yaw087_pitch096.txt,2,0,3af13ce59aff3797b6bbe2a76d1d4aa4ea7b5e0fff1c50372d1cc6819c23684f,train
138,137,scan_5abb71d764a04053909f05fd951275f9/5abb71d764a04053909f05fd951275f9/0063_yaw090_pitch096.png,train,images/train/0137_0063_yaw090_pitch096.png,labels/train/0137_0063_yaw090_pitch096.txt,2,0,4a6ec71f08ec851b0c35356816ef903222652ae4e7fccf280f094d5b210ee5e7,train
139,138,scan_5abb71d764a04053909f05fd951275f9/5abb71d764a04053909f05fd951275f9/0064_yaw090_pitch099.png,train,images/train/0138_0064_yaw090_pitch099.png,labels/train/0138_0064_yaw090_pitch099.txt,2,1,88463ffad220f64a2d6ff29b3e9ef40ebc62b88c301ca799c7ed244f54f664e7,train
140,139,scan_5abb71d764a04053909f05fd951275f9/5abb71d764a04053909f05fd951275f9/0065_yaw087_pitch099.png,train,images/train/0139_0065_yaw087_pitch099.png,labels/train/0139_0065_yaw087_pitch099.txt,2,0,c85c4dc827e76ba4a7cded163019ec71fc4a53a6b7c6214fe8ed7d86810d0af1,train
141,140,scan_5abb71d764a04053909f05fd951275f9/5abb71d764a04053909f05fd951275f9/0066_yaw084_pitch099.png,train,images/train/0140_0066_yaw084_pitch099.png,labels/train/0140_0066_yaw084_pitch099.txt,2,0,998ce8a959b2a74e6d840f8427fdaa409ea66a0cea322d8f4b136c7f8e3f2880,train
142,141,scan_5abb71d764a04053909f05fd951275f9/5abb71d764a04053909f05fd951275f9/0067_yaw081_pitch099.png,train,images/train/0141_0067_yaw081_pitch099.png,labels/train/0141_0067_yaw081_pitch099.txt,2,0,fdc9843a82071adb6f2e3c9de667c363e9febe57bc8d3a132c3e13e56217becb,train
143,142,scan_5abb71d764a04053909f05fd951275f9/5abb71d764a04053909f05fd951275f9/0068_yaw078_pitch099.png,train,images/train/0142_0068_yaw078_pitch099.png,labels/train/0142_0068_yaw078_pitch099.txt,2,1,0fec3d8d860d24c5ccbbd5c70587243d2ae86e50413eb652a7c098402afb08de,train
144,143,scan_5abb71d764a04053909f05fd951275f9/5abb71d764a04053909f05fd951275f9/0069_yaw075_pitch099.png,train,images/train/0143_0069_yaw075_pitch099.png,labels/train/0143_0069_yaw075_pitch099.txt,2,0,8a13d77c4f77106923c629c6e269ffe79ec6cd0c25996dc8c0f90c4ea9404f58,train
145,144,scan_5abb71d764a04053909f05fd951275f9/5abb71d764a04053909f05fd951275f9/0070_yaw072_pitch099.png,train,images/train/0144_0070_yaw072_pitch099.png,labels/train/0144_0070_yaw072_pitch099.txt,2,1,d70bc2089d6e7041a36f67744427960ccc34edad10f5fc153796b7f4281543aa,train
146,145,scan_5abb71d764a04053909f05fd951275f9/5abb71d764a04053909f05fd951275f9/0071_yaw069_pitch099.png,train,images/train/0145_0071_yaw069_pitch099.png,labels/train/0145_0071_yaw069_pitch099.txt,2,0,4cf831adb8a795e8a17db6b35b31c5af87bc423808e7111d8313dc26b52ced2b,train
147,146,scan_5abb71d764a04053909f05fd951275f9/5abb71d764a04053909f05fd951275f9/0072_yaw066_pitch099.png,train,images/train/0146_0072_yaw066_pitch099.png,labels/train/0146_0072_yaw066_pitch099.txt,2,0,a338f189c1404d4b79d8cdb131fd8cb0a479686e5fd279557c7822e1544d3d5e,train
148,147,scan_5abb71d764a04053909f05fd951275f9/5abb71d764a04053909f05fd951275f9/0073_yaw063_pitch099.png,train,images/train/0147_0073_yaw063_pitch099.png,labels/train/0147_0073_yaw063_pitch099.txt,2,0,1d3fc6c8264a0caabbc34073950ca60ca01997f6dfd19f99fecc84b7c913be47,train
149,148,scan_5abb71d764a04053909f05fd951275f9/5abb71d764a04053909f05fd951275f9/0074_yaw060_pitch099.png,train,images/train/0148_0074_yaw060_pitch099.png,labels/train/0148_0074_yaw060_pitch099.txt,2,0,8489056c4239e3b205b45c46c585387bdd3ea73e8ab1360fbd649dc71f0c90db,train
150,149,scan_5abb71d764a04053909f05fd951275f9/5abb71d764a04053909f05fd951275f9/0075_yaw057_pitch099.png,train,images/train/0149_0075_yaw057_pitch099.png,labels/train/0149_0075_yaw057_pitch099.txt,2,0,540adc18baa524a02a1695797eb1679f617388ace90630052e2d47748a62ac68,train
151,150,scan_5abb71d764a04053909f05fd951275f9/5abb71d764a04053909f05fd951275f9/0076_yaw054_pitch099.png,train,images/train/0150_0076_yaw054_pitch099.png,labels/train/0150_0076_yaw054_pitch099.txt,2,1,07725682dd64b380120d708706b158394be0f97f7c1021b12969f331ca450b31,train
152,151,scan_5abb71d764a04053909f05fd951275f9/5abb71d764a04053909f05fd951275f9/0077_yaw051_pitch099.png,train,images/train/0151_0077_yaw051_pitch099.png,labels/train/0151_0077_yaw051_pitch099.txt,2,1,8f62004a2cec72c3199f9a0ff106ff4a2afbab5a79f78b2751b93fe581d0e256,train
153,152,scan_5abb71d764a04053909f05fd951275f9/5abb71d764a04053909f05fd951275f9/0078_yaw048_pitch099.png,train,images/train/0152_0078_yaw048_pitch099.png,labels/train/0152_0078_yaw048_pitch099.txt,2,1,e6647e3c66057631c980f66ac73607edcd59fa408f03f18b9535b9ee483c4056,train
154,153,scan_5abb71d764a04053909f05fd951275f9/5abb71d764a04053909f05fd951275f9/0079_yaw045_pitch099.png,train,images/train/0153_0079_yaw045_pitch099.png,labels/train/0153_0079_yaw045_pitch099.txt,2,1,7467a3740b0f980670289fe98b72fc50df0dbce5d09fba70df97ba95e03e91a6,train
155,154,scan_5abb71d764a04053909f05fd951275f9/5abb71d764a04053909f05fd951275f9/0080_yaw042_pitch099.png,train,images/train/0154_0080_yaw042_pitch099.png,labels/train/0154_0080_yaw042_pitch099.txt,2,1,1b20988eaf690ef2297e772c2937e8eecb880a583b9f3e2d8a26b4c496ca678c,train
156,155,scan_5abb71d764a04053909f05fd951275f9/5abb71d764a04053909f05fd951275f9/0081_yaw039_pitch099.png,train,images/train/0155_0081_yaw039_pitch099.png,labels/train/0155_0081_yaw039_pitch099.txt,2,1,8878d9bc7d6610ad79d4f6e8b98f33d9f7ec002bb369fa4b668cdc81d70505f1,train
157,156,scan_5abb71d764a04053909f05fd951275f9/5abb71d764a04053909f05fd951275f9/0082_yaw036_pitch099.png,train,images/train/0156_0082_yaw036_pitch099.png,labels/train/0156_0082_yaw036_pitch099.txt,2,1,9f2aef4613a6ccf9a5f3a40dd50110f764388c91a06ee8eb714810e67dca3d4d,train
158,157,scan_5abb71d764a04053909f05fd951275f9/5abb71d764a04053909f05fd951275f9/0083_yaw033_pitch099.png,train,images/train/0157_0083_yaw033_pitch099.png,labels/train/0157_0083_yaw033_pitch099.txt,2,1,2fcc225e7ca01891e11c7295202f2a58b0a3cb664f8a8efc06e6224472b727bf,train
159,158,scan_5abb71d764a04053909f05fd951275f9/5abb71d764a04053909f05fd951275f9/0084_yaw030_pitch099.png,train,images/train/0158_0084_yaw030_pitch099.png,labels/train/0158_0084_yaw030_pitch099.txt,2,1,3f834c58fa3b0ac774c4605fc2e439d9170d3a6bce94b7b6220843a348320823,train
160,159,scan_5abb71d764a04053909f05fd951275f9/5abb71d764a04053909f05fd951275f9/0085_yaw030_pitch102.png,train,images/train/0159_0085_yaw030_pitch102.png,labels/train/0159_0085_yaw030_pitch102.txt,2,0,f8dbc7bf2359350034ff7dad1cee74a96664fbf49311d5849cb4504b92871565,train
161,160,scan_5abb71d764a04053909f05fd951275f9/5abb71d764a04053909f05fd951275f9/0086_yaw033_pitch102.png,train,images/train/0160_0086_yaw033_pitch102.png,labels/train/0160_0086_yaw033_pitch102.txt,2,0,cb23e3fecdda65f3de5bf338b8b38e286e8885fb44006faf8f97d9ddc2a3fa3f,train
162,161,scan_5abb71d764a04053909f05fd951275f9/5abb71d764a04053909f05fd951275f9/0087_yaw036_pitch102.png,train,images/train/0161_0087_yaw036_pitch102.png,labels/train/0161_0087_yaw036_pitch102.txt,2,1,ea432ce2a2f4f857dc69edf2d66621a520bf4e1702a36c7bccd87099a6248633,train
163,162,scan_5abb71d764a04053909f05fd951275f9/5abb71d764a04053909f05fd951275f9/0088_yaw039_pitch102.png,train,images/train/0162_0088_yaw039_pitch102.png,labels/train/0162_0088_yaw039_pitch102.txt,2,1,4186c41b04a8423275efcfdd163d7f3c62e0b21f0bf688119d5b15a58e6f1a85,train
164,163,scan_5abb71d764a04053909f05fd951275f9/5abb71d764a04053909f05fd951275f9/0089_yaw042_pitch102.png,train,images/train/0163_0089_yaw042_pitch102.png,labels/train/0163_0089_yaw042_pitch102.txt,2,0,fa1022b6799e94bd60e2644b69af42bd54f9919634363bcb48b16521bedfb329,train
165,164,scan_5abb71d764a04053909f05fd951275f9/5abb71d764a04053909f05fd951275f9/0090_yaw045_pitch102.png,train,images/train/0164_0090_yaw045_pitch102.png,labels/train/0164_0090_yaw045_pitch102.txt,2,0,537144fd769386e6ce04c33a1574e2a05853b2fc764133e7c6c2abddd84d1de9,train
166,165,scan_5abb71d764a04053909f05fd951275f9/5abb71d764a04053909f05fd951275f9/0091_yaw048_pitch102.png,train,images/train/0165_0091_yaw048_pitch102.png,labels/train/0165_0091_yaw048_pitch102.txt,2,0,e61261361b577957529ad9e5aa84e72c93e5031a004cabbe34f1c9bfd6a5e30c,train
167,166,scan_5abb71d764a04053909f05fd951275f9/5abb71d764a04053909f05fd951275f9/0092_yaw051_pitch102.png,train,images/train/0166_0092_yaw051_pitch102.png,labels/train/0166_0092_yaw051_pitch102.txt,2,1,8d990a708073d5e00b0c76ff691f1fbcd5df75e6dad52e2cd3627588f02ae806,train
168,167,scan_5abb71d764a04053909f05fd951275f9/5abb71d764a04053909f05fd951275f9/0093_yaw054_pitch102.png,train,images/train/0167_0093_yaw054_pitch102.png,labels/train/0167_0093_yaw054_pitch102.txt,2,1,7693ca539152bfa770d3048e31388a0419e5daca1baa24983cd9a01e089acb18,train
169,168,scan_5abb71d764a04053909f05fd951275f9/5abb71d764a04053909f05fd951275f9/0094_yaw057_pitch102.png,train,images/train/0168_0094_yaw057_pitch102.png,labels/train/0168_0094_yaw057_pitch102.txt,2,0,3bca18bfe823c09293a9816fedc1e36345415c1cdcebce35240face22e327dfa,train
170,169,scan_5abb71d764a04053909f05fd951275f9/5abb71d764a04053909f05fd951275f9/0095_yaw060_pitch102.png,train,images/train/0169_0095_yaw060_pitch102.png,labels/train/0169_0095_yaw060_pitch102.txt,2,1,4034851d76ce502a2715bb556cf870ddc96586ac255ee8aa53887c3e166c9b77,train
171,170,scan_5abb71d764a04053909f05fd951275f9/5abb71d764a04053909f05fd951275f9/0096_yaw063_pitch102.png,train,images/train/0170_0096_yaw063_pitch102.png,labels/train/0170_0096_yaw063_pitch102.txt,2,1,8237465e74db661bdc1c1333d6d4379aa5eef64baaebf3acbe3270559cde1278,train
172,171,scan_5abb71d764a04053909f05fd951275f9/5abb71d764a04053909f05fd951275f9/0097_yaw066_pitch102.png,train,images/train/0171_0097_yaw066_pitch102.png,labels/train/0171_0097_yaw066_pitch102.txt,2,1,0d88d28a2f6c819cc988913f8817554de4074222b6d4b4e3e8d2eaa022fdb988,train
173,172,scan_5abb71d764a04053909f05fd951275f9/5abb71d764a04053909f05fd951275f9/0098_yaw069_pitch102.png,train,images/train/0172_0098_yaw069_pitch102.png,labels/train/0172_0098_yaw069_pitch102.txt,2,1,54aaed76a09586938d1325b1b00204ad72f3f43ae34130757dbb38160397ff09,train
174,173,scan_5abb71d764a04053909f05fd951275f9/5abb71d764a04053909f05fd951275f9/0099_yaw072_pitch102.png,train,images/train/0173_0099_yaw072_pitch102.png,labels/train/0173_0099_yaw072_pitch102.txt,2,0,fc93a0541947c69b4ad4ef84daaa939e30fa00cbf1e922dd22081b4c3bae63de,train
175,174,scan_5abb71d764a04053909f05fd951275f9/5abb71d764a04053909f05fd951275f9/0100_yaw075_pitch102.png,train,images/train/0174_0100_yaw075_pitch102.png,labels/train/0174_0100_yaw075_pitch102.txt,2,0,84177741935f752964d4a90a944bab0f1bd6d9fd9e5d503cc03912043ac0cefa,train
176,175,scan_5abb71d764a04053909f05fd951275f9/5abb71d764a04053909f05fd951275f9/0101_yaw078_pitch102.png,train,images/train/0175_0101_yaw078_pitch102.png,labels/train/0175_0101_yaw078_pitch102.txt,2,0,14447f4bdbe90596dc872a4bf278636b3b712532024b8c5979a54ef8c7f3fa31,train
177,176,scan_5abb71d764a04053909f05fd951275f9/5abb71d764a04053909f05fd951275f9/0102_yaw081_pitch102.png,train,images/train/0176_0102_yaw081_pitch102.png,labels/train/0176_0102_yaw081_pitch102.txt,2,0,2d47c781c637a9f1576c9f5dfe0f0248a239d4baf3ca3a5665c854677b213143,train
178,177,scan_5abb71d764a04053909f05fd951275f9/5abb71d764a04053909f05fd951275f9/0103_yaw084_pitch102.png,train,images/train/0177_0103_yaw084_pitch102.png,labels/train/0177_0103_yaw084_pitch102.txt,2,0,f9c5e7dbd0e6d147c08a188c36c994163167736d84d7b38533dc8fe0a859a54e,train
179,178,scan_5abb71d764a04053909f05fd951275f9/5abb71d764a04053909f05fd951275f9/0104_yaw087_pitch102.png,train,images/train/0178_0104_yaw087_pitch102.png,labels/train/0178_0104_yaw087_pitch102.txt,2,0,e15d16c364fd5bb6272a55878bd1993e495d3a6accf792fcc8b7f74bc02a4f1a,train
180,179,scan_5abb71d764a04053909f05fd951275f9/5abb71d764a04053909f05fd951275f9/0105_yaw090_pitch102.png,train,images/train/0179_0105_yaw090_pitch102.png,labels/train/0179_0105_yaw090_pitch102.txt,2,0,f72d8a64417fe06261b8f6c45b0c461f632088c686e7b881618c34749bd5d675,train
181,180,scan_5abb71d764a04053909f05fd951275f9/5abb71d764a04053909f05fd951275f9/0106_yaw090_pitch105.png,train,images/train/0180_0106_yaw090_pitch105.png,labels/train/0180_0106_yaw090_pitch105.txt,2,0,fe50ac5145a3396dd8e41181bcbb73e5c731df88ff89f736eb412062aa9daf24,train
182,181,scan_5abb71d764a04053909f05fd951275f9/5abb71d764a04053909f05fd951275f9/0107_yaw087_pitch105.png,train,images/train/0181_0107_yaw087_pitch105.png,labels/train/0181_0107_yaw087_pitch105.txt,2,0,04cc45decf6f699aaba71fd4ca6909c3db3cf69974d1de58f9e933b32718321c,train
183,182,scan_5abb71d764a04053909f05fd951275f9/5abb71d764a04053909f05fd951275f9/0108_yaw084_pitch105.png,train,images/train/0182_0108_yaw084_pitch105.png,labels/train/0182_0108_yaw084_pitch105.txt,2,0,57009e30350df56c2963da61f91cf102b465cff672f7ac483b64848f7a3c2e75,train
184,183,scan_5abb71d764a04053909f05fd951275f9/5abb71d764a04053909f05fd951275f9/0109_yaw081_pitch105.png,train,images/train/0183_0109_yaw081_pitch105.png,labels/train/0183_0109_yaw081_pitch105.txt,2,0,65dc00bb9c7c525de34bbc0175540a57b36641c6aab43546df5b32c01916c27b,train
185,184,scan_5abb71d764a04053909f05fd951275f9/5abb71d764a04053909f05fd951275f9/0110_yaw078_pitch105.png,train,images/train/0184_0110_yaw078_pitch105.png,labels/train/0184_0110_yaw078_pitch105.txt,2,0,ff831eed132c334f3fc0c70979aa49c1788ed57211cf0c586c51eb936a87fb2c,train
186,185,scan_5abb71d764a04053909f05fd951275f9/5abb71d764a04053909f05fd951275f9/0111_yaw075_pitch105.png,train,images/train/0185_0111_yaw075_pitch105.png,labels/train/0185_0111_yaw075_pitch105.txt,2,0,892815ffa3dea2b7c030405d6312015640689f1f79ceca92c8a6f880b88df730,train
187,186,scan_5abb71d764a04053909f05fd951275f9/5abb71d764a04053909f05fd951275f9/0112_yaw072_pitch105.png,train,images/train/0186_0112_yaw072_pitch105.png,labels/train/0186_0112_yaw072_pitch105.txt,2,0,4f0a60b8540a39ef95c02f3f39b8245b521ef821caee58a27baaccf100fb2584,train
188,187,scan_5abb71d764a04053909f05fd951275f9/5abb71d764a04053909f05fd951275f9/0113_yaw069_pitch105.png,train,images/train/0187_0113_yaw069_pitch105.png,labels/train/0187_0113_yaw069_pitch105.txt,2,0,14a21b3cc058a25011e4c1f570c4aabfe9139939bd07713af4d504a40aa067f4,train
189,188,scan_5abb71d764a04053909f05fd951275f9/5abb71d764a04053909f05fd951275f9/0114_yaw066_pitch105.png,train,images/train/0188_0114_yaw066_pitch105.png,labels/train/0188_0114_yaw066_pitch105.txt,2,1,c607d16e5a2562d623a313e6a4f9dcaaa3757d5ee64c4e3bd539b1fe231f6f68,train
190,189,scan_5abb71d764a04053909f05fd951275f9/5abb71d764a04053909f05fd951275f9/0115_yaw063_pitch105.png,train,images/train/0189_0115_yaw063_pitch105.png,labels/train/0189_0115_yaw063_pitch105.txt,2,1,f9f810dd63f1f360a5251cb56eedaff57efc91b3454bf2dae904a56319b39f54,train
191,190,scan_5abb71d764a04053909f05fd951275f9/5abb71d764a04053909f05fd951275f9/0116_yaw060_pitch105.png,train,images/train/0190_0116_yaw060_pitch105.png,labels/train/0190_0116_yaw060_pitch105.txt,2,1,fadbb9126403297e7826d778871089b29ed687a7fe60360d7681e9b0887729c0,train
192,191,scan_5abb71d764a04053909f05fd951275f9/5abb71d764a04053909f05fd951275f9/0117_yaw057_pitch105.png,train,images/train/0191_0117_yaw057_pitch105.png,labels/train/0191_0117_yaw057_pitch105.txt,2,0,a3b2fd8bc87a7b1556e302924fef70058f9f14d6e46d82f16ebb1f205bd1d749,train
193,192,scan_5abb71d764a04053909f05fd951275f9/5abb71d764a04053909f05fd951275f9/0118_yaw054_pitch105.png,train,images/train/0192_0118_yaw054_pitch105.png,labels/train/0192_0118_yaw054_pitch105.txt,2,0,8113753ef5b77d37393e80a31031157e15bba8b5cd75000a9c8ec704165e29ec,train
194,193,scan_5abb71d764a04053909f05fd951275f9/5abb71d764a04053909f05fd951275f9/0119_yaw051_pitch105.png,train,images/train/0193_0119_yaw051_pitch105.png,labels/train/0193_0119_yaw051_pitch105.txt,2,0,efc79f9290f3101b8a05a2e44c72d3c34848451f82e90d4ed7d16f1d4fe7c382,train
195,194,scan_5abb71d764a04053909f05fd951275f9/5abb71d764a04053909f05fd951275f9/0120_yaw048_pitch105.png,train,images/train/0194_0120_yaw048_pitch105.png,labels/train/0194_0120_yaw048_pitch105.txt,2,0,82424bae78ebcbf8194fd5412853227c43cfa60222257c1d5ee81af0ac549c91,train
196,195,scan_5abb71d764a04053909f05fd951275f9/5abb71d764a04053909f05fd951275f9/0121_yaw045_pitch105.png,train,images/train/0195_0121_yaw045_pitch105.png,labels/train/0195_0121_yaw045_pitch105.txt,2,0,22be2a6029ed039b808887fab2df2d308437665baf155202eec11ede1b9f0538,train
197,196,scan_5abb71d764a04053909f05fd951275f9/5abb71d764a04053909f05fd951275f9/0122_yaw042_pitch105.png,train,images/train/0196_0122_yaw042_pitch105.png,labels/train/0196_0122_yaw042_pitch105.txt,2,0,5fbc63e5aea14db7c3cddd584da13481f058d099c2c5501044f5099241644315,train
198,197,scan_5abb71d764a04053909f05fd951275f9/5abb71d764a04053909f05fd951275f9/0123_yaw039_pitch105.png,test,images/test/0197_0123_yaw039_pitch105.png,labels/test/0197_0123_yaw039_pitch105.txt,2,0,ecceb8db64140a5af0a1daf38457c01df6a7422acd764fab192e585cd3370b29,train
199,198,scan_5abb71d764a04053909f05fd951275f9/5abb71d764a04053909f05fd951275f9/0124_yaw036_pitch105.png,test,images/test/0198_0124_yaw036_pitch105.png,labels/test/0198_0124_yaw036_pitch105.txt,2,0,66b932f9ed6b0a2bcddd9c9430437292d00989744d1422efbd8014dd781baa01,train
200,199,scan_5abb71d764a04053909f05fd951275f9/5abb71d764a04053909f05fd951275f9/0125_yaw033_pitch105.png,test,images/test/0199_0125_yaw033_pitch105.png,labels/test/0199_0125_yaw033_pitch105.txt,2,0,29482eb3e639a8e599be7b2df58d8208bc5faf8903fa1a196b5386879af8bd4b,train
201,200,scan_5abb71d764a04053909f05fd951275f9/5abb71d764a04053909f05fd951275f9/0126_yaw030_pitch105.png,test,images/test/0200_0126_yaw030_pitch105.png,labels/test/0200_0126_yaw030_pitch105.txt,2,0,bf5890d5eefcc2f741bd202f3b4ae8d6331f4ff7ef34f97871c86899b8a3b62b,train
202,201,scan_5abb71d764a04053909f05fd951275f9/5abb71d764a04053909f05fd951275f9/0127_yaw030_pitch108.png,test,images/test/0201_0127_yaw030_pitch108.png,labels/test/0201_0127_yaw030_pitch108.txt,2,0,2afb7989559088b166845b8edace37b4273b22953467a02b1dea1b5a4b6c5226,train
203,202,scan_5abb71d764a04053909f05fd951275f9/5abb71d764a04053909f05fd951275f9/0128_yaw033_pitch108.png,test,images/test/0202_0128_yaw033_pitch108.png,labels/test/0202_0128_yaw033_pitch108.txt,2,0,391778594194b585f9b8dd19b8606c18994eb59c77aa7d6fba3b66b380c3d051,train
204,203,scan_5abb71d764a04053909f05fd951275f9/5abb71d764a04053909f05fd951275f9/0129_yaw036_pitch108.png,test,images/test/0203_0129_yaw036_pitch108.png,labels/test/0203_0129_yaw036_pitch108.txt,2,0,a9d5e2a0d0b9e6a8de0c9f12c4e5e7c8abcd6b7676cb97e1497c2d515b42e348,train
205,204,scan_5abb71d764a04053909f05fd951275f9/5abb71d764a04053909f05fd951275f9/0130_yaw039_pitch108.png,test,images/test/0204_0130_yaw039_pitch108.png,labels/test/0204_0130_yaw039_pitch108.txt,2,0,a2a71c4dd0eb6a1f513fa3ca99d35de65b8061dc2251db1966c8f80281024a28,train
206,205,scan_5abb71d764a04053909f05fd951275f9/5abb71d764a04053909f05fd951275f9/0131_yaw042_pitch108.png,test,images/test/0205_0131_yaw042_pitch108.png,labels/test/0205_0131_yaw042_pitch108.txt,2,0,b68dfd8bf1b7747c65ed243828d6f3d721af69a8f19f931ace8a85472775894c,train
207,206,scan_5abb71d764a04053909f05fd951275f9/5abb71d764a04053909f05fd951275f9/0132_yaw045_pitch108.png,train,images/train/0206_0132_yaw045_pitch108.png,labels/train/0206_0132_yaw045_pitch108.txt,2,0,741171097918e0b9ca73b01d7b18dd516b9ac6791a1983a4ab3f6106711c302f,train
208,207,scan_5abb71d764a04053909f05fd951275f9/5abb71d764a04053909f05fd951275f9/0133_yaw048_pitch108.png,train,images/train/0207_0133_yaw048_pitch108.png,labels/train/0207_0133_yaw048_pitch108.txt,2,0,d58053f5045295b9949869f51945df6a8aa8b2dd25c8707286b9f704797ff214,train
209,208,scan_5abb71d764a04053909f05fd951275f9/5abb71d764a04053909f05fd951275f9/0134_yaw051_pitch108.png,train,images/train/0208_0134_yaw051_pitch108.png,labels/train/0208_0134_yaw051_pitch108.txt,2,0,e34c90f3cfeb8b25e6dc15623f96f812bee879fbd3373decd5eb6ad6e15ea84b,train
210,209,scan_5abb71d764a04053909f05fd951275f9/5abb71d764a04053909f05fd951275f9/0135_yaw054_pitch108.png,train,images/train/0209_0135_yaw054_pitch108.png,labels/train/0209_0135_yaw054_pitch108.txt,2,0,658b2b2a1e55b3bbacf62993c6eb7c63607ae72fb91525d13736736566ce624c,train
211,210,scan_5abb71d764a04053909f05fd951275f9/5abb71d764a04053909f05fd951275f9/0136_yaw057_pitch108.png,train,images/train/0210_0136_yaw057_pitch108.png,labels/train/0210_0136_yaw057_pitch108.txt,2,0,f375bafe06abd18f1e783d2996f08c384ff1a985cf66bdce3c5a253d8ef5ad35,train
212,211,scan_5abb71d764a04053909f05fd951275f9/5abb71d764a04053909f05fd951275f9/0137_yaw060_pitch108.png,train,images/train/0211_0137_yaw060_pitch108.png,labels/train/0211_0137_yaw060_pitch108.txt,2,1,18306a42afc395483fd9e708434317289b93d2aa1693de1578ef56df250e7cc9,train
213,212,scan_5abb71d764a04053909f05fd951275f9/5abb71d764a04053909f05fd951275f9/0138_yaw063_pitch108.png,train,images/train/0212_0138_yaw063_pitch108.png,labels/train/0212_0138_yaw063_pitch108.txt,2,1,f87771ec4af7041799b613a6f060dd306456ed18dfa4e7271fdb1835f35ace40,train
214,213,scan_5abb71d764a04053909f05fd951275f9/5abb71d764a04053909f05fd951275f9/0139_yaw066_pitch108.png,train,images/train/0213_0139_yaw066_pitch108.png,labels/train/0213_0139_yaw066_pitch108.txt,2,0,eca3722e0b387a1c1df5e8d6a3c389e073e8f4d8b3460c6781dbf889bf7bd643,train
215,214,scan_5abb71d764a04053909f05fd951275f9/5abb71d764a04053909f05fd951275f9/0140_yaw069_pitch108.png,train,images/train/0214_0140_yaw069_pitch108.png,labels/train/0214_0140_yaw069_pitch108.txt,2,0,20a2c64d00d338a8732b1f4557e75ae7ff66909043a942906ce4d3a019b07e7b,train
216,215,scan_5abb71d764a04053909f05fd951275f9/5abb71d764a04053909f05fd951275f9/0141_yaw072_pitch108.png,train,images/train/0215_0141_yaw072_pitch108.png,labels/train/0215_0141_yaw072_pitch108.txt,2,0,a3d0575f35b4d615f252c091ac015528c2d17c9d10572b9d07edddea5422e57e,train
217,216,scan_5abb71d764a04053909f05fd951275f9/5abb71d764a04053909f05fd951275f9/0142_yaw075_pitch108.png,train,images/train/0216_0142_yaw075_pitch108.png,labels/train/0216_0142_yaw075_pitch108.txt,2,0,8fa61cff6401677219ee0e0426508dbf74ae9acaedeec747a99ee00799746b64,train
218,217,scan_5abb71d764a04053909f05fd951275f9/5abb71d764a04053909f05fd951275f9/0143_yaw078_pitch108.png,train,images/train/0217_0143_yaw078_pitch108.png,labels/train/0217_0143_yaw078_pitch108.txt,2,0,6ead4a04c8adaa52812e89348c014aeeac3f247959ddff995f207c46bb24cc67,train
219,218,scan_5abb71d764a04053909f05fd951275f9/5abb71d764a04053909f05fd951275f9/0144_yaw081_pitch108.png,train,images/train/0218_0144_yaw081_pitch108.png,labels/train/0218_0144_yaw081_pitch108.txt,2,0,fd38b55c7326ceb2edca65f008017b6e05abc2fbefd20a2d51d969fc026571bc,train
220,219,scan_5abb71d764a04053909f05fd951275f9/5abb71d764a04053909f05fd951275f9/0145_yaw084_pitch108.png,train,images/train/0219_0145_yaw084_pitch108.png,labels/train/0219_0145_yaw084_pitch108.txt,2,0,38c918b0f67474f7bb1ca78507049de64865e01f39a7ae2578a3897e3b2cd518,train
221,220,scan_5abb71d764a04053909f05fd951275f9/5abb71d764a04053909f05fd951275f9/0146_yaw087_pitch108.png,train,images/train/0220_0146_yaw087_pitch108.png,labels/train/0220_0146_yaw087_pitch108.txt,2,0,3b74236feef7993bb985f8416b374767fad18e74a2679785786892df500a5818,train
222,221,scan_5abb71d764a04053909f05fd951275f9/5abb71d764a04053909f05fd951275f9/0147_yaw090_pitch108.png,train,images/train/0221_0147_yaw090_pitch108.png,labels/train/0221_0147_yaw090_pitch108.txt,2,0,b9440c48c479a607bafe183711cfb5ebf5a4977e2e84c08fd0d08552c55dadb9,train
223,222,scan_5abb71d764a04053909f05fd951275f9/5abb71d764a04053909f05fd951275f9/0148_yaw090_pitch110.png,train,images/train/0222_0148_yaw090_pitch110.png,labels/train/0222_0148_yaw090_pitch110.txt,2,0,d716ba8f6fbdc628186bd3e210173eaf3f1c7820e12e1480af93f45aa17e95e6,train
224,223,scan_5abb71d764a04053909f05fd951275f9/5abb71d764a04053909f05fd951275f9/0149_yaw087_pitch110.png,train,images/train/0223_0149_yaw087_pitch110.png,labels/train/0223_0149_yaw087_pitch110.txt,2,0,4ce00339154c49c72ab7e155156d40cb217fb7137efd71d4e18276504ca9860b,train
225,224,scan_5abb71d764a04053909f05fd951275f9/5abb71d764a04053909f05fd951275f9/0150_yaw084_pitch110.png,train,images/train/0224_0150_yaw084_pitch110.png,labels/train/0224_0150_yaw084_pitch110.txt,2,0,2dd3e99f7808a4d8b9ff92973c151bab2b0730dc378c263c7aae260a053346ac,train
226,225,scan_5abb71d764a04053909f05fd951275f9/5abb71d764a04053909f05fd951275f9/0151_yaw081_pitch110.png,train,images/train/0225_0151_yaw081_pitch110.png,labels/train/0225_0151_yaw081_pitch110.txt,2,0,1d72aa6ccc7656b7fac8cc401430676be31e7ad869939f4f34807d3a8ac5e837,train
227,226,scan_5abb71d764a04053909f05fd951275f9/5abb71d764a04053909f05fd951275f9/0152_yaw078_pitch110.png,train,images/train/0226_0152_yaw078_pitch110.png,labels/train/0226_0152_yaw078_pitch110.txt,2,0,fa560eab46ef0fd00fa5eb2908b1dd2b8871029fa504afbeb297069f3ae1bed1,train
228,227,scan_5abb71d764a04053909f05fd951275f9/5abb71d764a04053909f05fd951275f9/0153_yaw075_pitch110.png,train,images/train/0227_0153_yaw075_pitch110.png,labels/train/0227_0153_yaw075_pitch110.txt,2,0,d92d882f66f1d546b2bf12d99f705f252648a803e5723a436a86fd06cfcf1427,train
229,228,scan_5abb71d764a04053909f05fd951275f9/5abb71d764a04053909f05fd951275f9/0154_yaw072_pitch110.png,train,images/train/0228_0154_yaw072_pitch110.png,labels/train/0228_0154_yaw072_pitch110.txt,2,0,03d646680e21f707f295088eb86679d25b1301fe0ced16ac704147ef2d87764e,train
230,229,scan_5abb71d764a04053909f05fd951275f9/5abb71d764a04053909f05fd951275f9/0155_yaw069_pitch110.png,train,images/train/0229_0155_yaw069_pitch110.png,labels/train/0229_0155_yaw069_pitch110.txt,2,0,263cfdb81b0d1add041623f0a676df152125fc65c695c85a8b47db03ae67010f,train
231,230,scan_5abb71d764a04053909f05fd951275f9/5abb71d764a04053909f05fd951275f9/0156_yaw066_pitch110.png,train,images/train/0230_0156_yaw066_pitch110.png,labels/train/0230_0156_yaw066_pitch110.txt,2,0,26d5ccbcaed59c4dae1a3f7be0f7ababfd4badce29c7c77ada00c4e5e9415593,train
232,231,scan_5abb71d764a04053909f05fd951275f9/5abb71d764a04053909f05fd951275f9/0157_yaw063_pitch110.png,train,images/train/0231_0157_yaw063_pitch110.png,labels/train/0231_0157_yaw063_pitch110.txt,2,1,72acdc138cb324ecd4918038ccfc4eb105b6d97d7c81e743a0d5deed8235ffc3,train
233,232,scan_5abb71d764a04053909f05fd951275f9/5abb71d764a04053909f05fd951275f9/0158_yaw060_pitch110.png,train,images/train/0232_0158_yaw060_pitch110.png,labels/train/0232_0158_yaw060_pitch110.txt,2,1,c5f6450e1965d4a044110e02dd1b411c8c881a3994412489f985a1039e002b2c,train
234,233,scan_5abb71d764a04053909f05fd951275f9/5abb71d764a04053909f05fd951275f9/0159_yaw057_pitch110.png,train,images/train/0233_0159_yaw057_pitch110.png,labels/train/0233_0159_yaw057_pitch110.txt,2,0,63cd5465b5477388d016c6a6bf1a62bb3d918fa2d33fed62e6bb311ef069db32,train
235,234,scan_5abb71d764a04053909f05fd951275f9/5abb71d764a04053909f05fd951275f9/0160_yaw054_pitch110.png,train,images/train/0234_0160_yaw054_pitch110.png,labels/train/0234_0160_yaw054_pitch110.txt,2,0,1474832ce3143dc438ab07273dfa1dcd8d764d63f4c6fc936aafc66f0cf97fec,train
236,235,scan_5abb71d764a04053909f05fd951275f9/5abb71d764a04053909f05fd951275f9/0161_yaw051_pitch110.png,train,images/train/0235_0161_yaw051_pitch110.png,labels/train/0235_0161_yaw051_pitch110.txt,2,0,ecd11f04ca1b72537ba976eb303cc6b62bddc52db83358748277943bd61df34f,train
237,236,scan_5abb71d764a04053909f05fd951275f9/5abb71d764a04053909f05fd951275f9/0162_yaw048_pitch110.png,train,images/train/0236_0162_yaw048_pitch110.png,labels/train/0236_0162_yaw048_pitch110.txt,2,0,097fe0fd70e5dce0c44d49f92002bedaaf1a7dfedf08d3d00898b04b0c897945,train
238,237,scan_5abb71d764a04053909f05fd951275f9/5abb71d764a04053909f05fd951275f9/0163_yaw045_pitch110.png,train,images/train/0237_0163_yaw045_pitch110.png,labels/train/0237_0163_yaw045_pitch110.txt,2,0,5eaa764e07d67837297d78a5595ad361dfc98883634f792748717b2110c35e39,train
239,238,scan_5abb71d764a04053909f05fd951275f9/5abb71d764a04053909f05fd951275f9/0164_yaw042_pitch110.png,train,images/train/0238_0164_yaw042_pitch110.png,labels/train/0238_0164_yaw042_pitch110.txt,2,0,13540fc7bdf474e387f102022b70d30056ff68cd291d81c5142548066a647461,train
240,239,scan_5abb71d764a04053909f05fd951275f9/5abb71d764a04053909f05fd951275f9/0165_yaw039_pitch110.png,train,images/train/0239_0165_yaw039_pitch110.png,labels/train/0239_0165_yaw039_pitch110.txt,2,1,848ca266944b6977ec67c4d41fb8ec86965de6848b4fb97060bcb69c254aed68,train
241,240,scan_5abb71d764a04053909f05fd951275f9/5abb71d764a04053909f05fd951275f9/0166_yaw036_pitch110.png,train,images/train/0240_0166_yaw036_pitch110.png,labels/train/0240_0166_yaw036_pitch110.txt,2,1,7227ea7c259995d78fdf650406319752ed0a50a33eeb41a2a0e7f8a905cd658e,train
242,241,scan_5abb71d764a04053909f05fd951275f9/5abb71d764a04053909f05fd951275f9/0167_yaw033_pitch110.png,train,images/train/0241_0167_yaw033_pitch110.png,labels/train/0241_0167_yaw033_pitch110.txt,2,1,943588cbad75a5b9e7f5ca94991c587eed1f3b7b37ea86f6e025cd0a5f283e61,train
243,242,scan_5abb71d764a04053909f05fd951275f9/5abb71d764a04053909f05fd951275f9/0168_yaw030_pitch110.png,train,images/train/0242_0168_yaw030_pitch110.png,labels/train/0242_0168_yaw030_pitch110.txt,2,0,f1f7f056400aaff86c90b45d04f84fd63bc89051a431e89caa553dba1b183c8c,train
244,243,scan_c6f9439486a24144ab99ea1a284cde6d/c6f9439486a24144ab99ea1a284cde6d/0001_yaw060_pitch090.png,train,images/train/0243_0001_yaw060_pitch090.png,labels/train/0243_0001_yaw060_pitch090.txt,2,0,4a16797127dde07bb1ffd0c1158fcc4c7f493cc75229388d722ff89b3822e0b4,val
245,244,scan_c6f9439486a24144ab99ea1a284cde6d/c6f9439486a24144ab99ea1a284cde6d/0002_yaw063_pitch090.png,train,images/train/0244_0002_yaw063_pitch090.png,labels/train/0244_0002_yaw063_pitch090.txt,2,0,e86e1655d2b5358406de6bc35885aa794e3a58e20cdac84af4dba7fa71fd558b,val
246,245,scan_c6f9439486a24144ab99ea1a284cde6d/c6f9439486a24144ab99ea1a284cde6d/0003_yaw066_pitch090.png,train,images/train/0245_0003_yaw066_pitch090.png,labels/train/0245_0003_yaw066_pitch090.txt,2,0,ab46be1b6b165bc813486eb818e353f22285f018195350c703da1aa2fb16dc86,val
247,246,scan_c6f9439486a24144ab99ea1a284cde6d/c6f9439486a24144ab99ea1a284cde6d/0004_yaw069_pitch090.png,train,images/train/0246_0004_yaw069_pitch090.png,labels/train/0246_0004_yaw069_pitch090.txt,2,0,b4ad55912fa1dc44ce39c60bfe07fae01e2bc357b9cf10c311c82891fd11d744,val
248,247,scan_c6f9439486a24144ab99ea1a284cde6d/c6f9439486a24144ab99ea1a284cde6d/0005_yaw072_pitch090.png,train,images/train/0247_0005_yaw072_pitch090.png,labels/train/0247_0005_yaw072_pitch090.txt,2,0,685ab13f249e3ac9559b33996eb2904ad5abb01081de26fb5d919503be1a910f,val
249,248,scan_c6f9439486a24144ab99ea1a284cde6d/c6f9439486a24144ab99ea1a284cde6d/0006_yaw075_pitch090.png,train,images/train/0248_0006_yaw075_pitch090.png,labels/train/0248_0006_yaw075_pitch090.txt,2,0,910e55f867084dbbad0cd951d494f67f7827ec2e3cdee54f30e82182d80a1ccc,val
250,249,scan_c6f9439486a24144ab99ea1a284cde6d/c6f9439486a24144ab99ea1a284cde6d/0007_yaw078_pitch090.png,train,images/train/0249_0007_yaw078_pitch090.png,labels/train/0249_0007_yaw078_pitch090.txt,2,0,bc0a6b0fced82e65ca7694bc510a926326162a76d337026e0dca6ef8e2bc5223,val
251,250,scan_c6f9439486a24144ab99ea1a284cde6d/c6f9439486a24144ab99ea1a284cde6d/0008_yaw081_pitch090.png,train,images/train/0250_0008_yaw081_pitch090.png,labels/train/0250_0008_yaw081_pitch090.txt,2,0,cb5a0b9026845a9b7aecc084f610a41348e8ddc12b699a5d530fe07861fb49ca,val
252,251,scan_c6f9439486a24144ab99ea1a284cde6d/c6f9439486a24144ab99ea1a284cde6d/0009_yaw084_pitch090.png,train,images/train/0251_0009_yaw084_pitch090.png,labels/train/0251_0009_yaw084_pitch090.txt,2,0,185f570e0455ee1bc61de0ad63741990fffdb3739270f4a56525d93de1f0b971,val
253,252,scan_c6f9439486a24144ab99ea1a284cde6d/c6f9439486a24144ab99ea1a284cde6d/0010_yaw087_pitch090.png,train,images/train/0252_0010_yaw087_pitch090.png,labels/train/0252_0010_yaw087_pitch090.txt,2,0,213bfe704874078cd324cde64cbbb068a140367da8a16d3045fb6376b507214f,val
254,253,scan_c6f9439486a24144ab99ea1a284cde6d/c6f9439486a24144ab99ea1a284cde6d/0011_yaw090_pitch090.png,train,images/train/0253_0011_yaw090_pitch090.png,labels/train/0253_0011_yaw090_pitch090.txt,2,0,dc428dfd55c26f19f209c934370320a67b8e0fc0fc9833d302d53af94c577f22,val
255,254,scan_c6f9439486a24144ab99ea1a284cde6d/c6f9439486a24144ab99ea1a284cde6d/0012_yaw093_pitch090.png,train,images/train/0254_0012_yaw093_pitch090.png,labels/train/0254_0012_yaw093_pitch090.txt,2,0,bbd2a76e4ae875111666f4828675f016639af27f8b9c346959f82e9134005f46,val
256,255,scan_c6f9439486a24144ab99ea1a284cde6d/c6f9439486a24144ab99ea1a284cde6d/0013_yaw096_pitch090.png,train,images/train/0255_0013_yaw096_pitch090.png,labels/train/0255_0013_yaw096_pitch090.txt,2,0,9c2daa936d57a26a55968088146dbd552a5694faadfc44861f9d771806d09280,val
257,256,scan_c6f9439486a24144ab99ea1a284cde6d/c6f9439486a24144ab99ea1a284cde6d/0014_yaw099_pitch090.png,train,images/train/0256_0014_yaw099_pitch090.png,labels/train/0256_0014_yaw099_pitch090.txt,2,0,c118680b11181e86ae15de34bdec209b45675c23c5d34983aa5589ac5749d479,val
258,257,scan_c6f9439486a24144ab99ea1a284cde6d/c6f9439486a24144ab99ea1a284cde6d/0015_yaw102_pitch090.png,train,images/train/0257_0015_yaw102_pitch090.png,labels/train/0257_0015_yaw102_pitch090.txt,2,0,044bedc9b0a2a5637989f0ee4b47c61375de1012a398e38345e63b4cde33eae8,val
259,258,scan_c6f9439486a24144ab99ea1a284cde6d/c6f9439486a24144ab99ea1a284cde6d/0016_yaw105_pitch090.png,train,images/train/0258_0016_yaw105_pitch090.png,labels/train/0258_0016_yaw105_pitch090.txt,2,0,5e803ff97023b58390a537da4e4fa6710ecee3451093970b3c446d49410757bb,val
260,259,scan_c6f9439486a24144ab99ea1a284cde6d/c6f9439486a24144ab99ea1a284cde6d/0017_yaw108_pitch090.png,train,images/train/0259_0017_yaw108_pitch090.png,labels/train/0259_0017_yaw108_pitch090.txt,2,0,2fa0962b7ac1abd785eb7747fc21396d7d5b9ed0d013568a6cd6a86810d72457,val
261,260,scan_c6f9439486a24144ab99ea1a284cde6d/c6f9439486a24144ab99ea1a284cde6d/0018_yaw111_pitch090.png,train,images/train/0260_0018_yaw111_pitch090.png,labels/train/0260_0018_yaw111_pitch090.txt,2,0,cfc90318fb4f7c460328360780ca5591d9ad9c3284433ec94b60247e8bdd1650,val
262,261,scan_c6f9439486a24144ab99ea1a284cde6d/c6f9439486a24144ab99ea1a284cde6d/0019_yaw114_pitch090.png,train,images/train/0261_0019_yaw114_pitch090.png,labels/train/0261_0019_yaw114_pitch090.txt,2,0,f71dda4d3ff836ff3b1071b5cd9dbe9508923a2fc070c32a76b2dd7ac048d4c6,val
263,262,scan_c6f9439486a24144ab99ea1a284cde6d/c6f9439486a24144ab99ea1a284cde6d/0020_yaw117_pitch090.png,train,images/train/0262_0020_yaw117_pitch090.png,labels/train/0262_0020_yaw117_pitch090.txt,2,0,e161519eb1fddbc47a0110f0ee4e9be8572914d9b1e67171a3c4a3e98f142ac8,val
264,263,scan_c6f9439486a24144ab99ea1a284cde6d/c6f9439486a24144ab99ea1a284cde6d/0021_yaw120_pitch090.png,train,images/train/0263_0021_yaw120_pitch090.png,labels/train/0263_0021_yaw120_pitch090.txt,2,0,0ee39d0f5f4e77d22abd791ee03696a0b1f987609ca4b7ff80ebb1135db6b4ef,val
265,264,scan_c6f9439486a24144ab99ea1a284cde6d/c6f9439486a24144ab99ea1a284cde6d/0022_yaw120_pitch093.png,train,images/train/0264_0022_yaw120_pitch093.png,labels/train/0264_0022_yaw120_pitch093.txt,2,0,6b13b7e9673ba1f7e94b57e55e718155be2fb7d3f5d22975b4297276b5e50d9c,val
266,265,scan_c6f9439486a24144ab99ea1a284cde6d/c6f9439486a24144ab99ea1a284cde6d/0023_yaw117_pitch093.png,train,images/train/0265_0023_yaw117_pitch093.png,labels/train/0265_0023_yaw117_pitch093.txt,2,0,fdbd36ed9ec3d66c177e02d589b852f7fd0ba5da4504bcbd48d5c432b7e258b9,val
267,266,scan_c6f9439486a24144ab99ea1a284cde6d/c6f9439486a24144ab99ea1a284cde6d/0024_yaw114_pitch093.png,train,images/train/0266_0024_yaw114_pitch093.png,labels/train/0266_0024_yaw114_pitch093.txt,2,0,4df37d5cd7da36e24378a2f560320843fe80920af7b788e31aa41e3c9c38b7d4,val
268,267,scan_c6f9439486a24144ab99ea1a284cde6d/c6f9439486a24144ab99ea1a284cde6d/0025_yaw111_pitch093.png,train,images/train/0267_0025_yaw111_pitch093.png,labels/train/0267_0025_yaw111_pitch093.txt,2,0,a896a9e7ff03b66da79ba8783affd31888b3db1b0455c2a59a045b0ac03bc828,val
269,268,scan_c6f9439486a24144ab99ea1a284cde6d/c6f9439486a24144ab99ea1a284cde6d/0026_yaw108_pitch093.png,train,images/train/0268_0026_yaw108_pitch093.png,labels/train/0268_0026_yaw108_pitch093.txt,2,0,980922c0c38a568d070a6f95025e12c91005a211d3195e890eee522162bc4492,val
270,269,scan_c6f9439486a24144ab99ea1a284cde6d/c6f9439486a24144ab99ea1a284cde6d/0027_yaw105_pitch093.png,train,images/train/0269_0027_yaw105_pitch093.png,labels/train/0269_0027_yaw105_pitch093.txt,2,0,9ba5a6de8f44ee488f8d503a660586e3f78578107e30ddc89508179205e0c123,val
271,270,scan_c6f9439486a24144ab99ea1a284cde6d/c6f9439486a24144ab99ea1a284cde6d/0028_yaw102_pitch093.png,train,images/train/0270_0028_yaw102_pitch093.png,labels/train/0270_0028_yaw102_pitch093.txt,2,0,6d03fbc9cb8ddb1b00c7768e7a16fd1c1fcec5225451dc132bb1d26950ec243f,val
272,271,scan_c6f9439486a24144ab99ea1a284cde6d/c6f9439486a24144ab99ea1a284cde6d/0029_yaw099_pitch093.png,train,images/train/0271_0029_yaw099_pitch093.png,labels/train/0271_0029_yaw099_pitch093.txt,2,0,019a9176da1e3b475500e195420f6f359928fa10d678f18310c5762e09b12bfc,val
273,272,scan_c6f9439486a24144ab99ea1a284cde6d/c6f9439486a24144ab99ea1a284cde6d/0030_yaw096_pitch093.png,train,images/train/0272_0030_yaw096_pitch093.png,labels/train/0272_0030_yaw096_pitch093.txt,2,0,ec77d1f6dcddbce5ca6b601498358726ca1f0b0dcbeea300c87bf8d91f211b8a,val
274,273,scan_c6f9439486a24144ab99ea1a284cde6d/c6f9439486a24144ab99ea1a284cde6d/0031_yaw093_pitch093.png,train,images/train/0273_0031_yaw093_pitch093.png,labels/train/0273_0031_yaw093_pitch093.txt,2,0,816249f4833073bacf5529400718ca538f7857a3118bfc1adca7b35c8fbb9957,val
275,274,scan_c6f9439486a24144ab99ea1a284cde6d/c6f9439486a24144ab99ea1a284cde6d/0032_yaw090_pitch093.png,train,images/train/0274_0032_yaw090_pitch093.png,labels/train/0274_0032_yaw090_pitch093.txt,2,0,2ba5c4dcd0cda4acf1c36510a16ceb503ca85b6d69c3513a3a120c4551aed12e,val
276,275,scan_c6f9439486a24144ab99ea1a284cde6d/c6f9439486a24144ab99ea1a284cde6d/0033_yaw087_pitch093.png,train,images/train/0275_0033_yaw087_pitch093.png,labels/train/0275_0033_yaw087_pitch093.txt,2,0,a4e85f9e37837efb22fb7104c2706648c26cd77e9447947c49bd1e3dccf90d2f,val
277,276,scan_c6f9439486a24144ab99ea1a284cde6d/c6f9439486a24144ab99ea1a284cde6d/0034_yaw084_pitch093.png,train,images/train/0276_0034_yaw084_pitch093.png,labels/train/0276_0034_yaw084_pitch093.txt,2,0,2a3c2531a3c72b2dec2f9e3700f582aacc96522e83baa6673966cf1d319d4480,val
278,277,scan_c6f9439486a24144ab99ea1a284cde6d/c6f9439486a24144ab99ea1a284cde6d/0035_yaw081_pitch093.png,train,images/train/0277_0035_yaw081_pitch093.png,labels/train/0277_0035_yaw081_pitch093.txt,2,0,a6fd2873b8ca75bab73ecd08f670fed705b539fb31f865009802543a2e4d456d,val
279,278,scan_c6f9439486a24144ab99ea1a284cde6d/c6f9439486a24144ab99ea1a284cde6d/0036_yaw078_pitch093.png,train,images/train/0278_0036_yaw078_pitch093.png,labels/train/0278_0036_yaw078_pitch093.txt,2,0,8069a73323aa2adc277c959c8a3e3b2049ec5de6538f2546ec450352630daa86,val
280,279,scan_c6f9439486a24144ab99ea1a284cde6d/c6f9439486a24144ab99ea1a284cde6d/0037_yaw075_pitch093.png,train,images/train/0279_0037_yaw075_pitch093.png,labels/train/0279_0037_yaw075_pitch093.txt,2,0,e7fd0cf072ce1e1ee6cc34eb3b2a3ef2b4f6b387ca1a9258f984a4f7f52865a9,val
281,280,scan_c6f9439486a24144ab99ea1a284cde6d/c6f9439486a24144ab99ea1a284cde6d/0038_yaw072_pitch093.png,train,images/train/0280_0038_yaw072_pitch093.png,labels/train/0280_0038_yaw072_pitch093.txt,2,0,83693b21e3268444f63f5aad8755ee0eac70e0f83a0db7c6f848bb1478f9cb4c,val
282,281,scan_c6f9439486a24144ab99ea1a284cde6d/c6f9439486a24144ab99ea1a284cde6d/0039_yaw069_pitch093.png,val,images/val/0281_0039_yaw069_pitch093.png,labels/val/0281_0039_yaw069_pitch093.txt,2,0,bab68e7320f0015559992b166b481b0cf48b89434f3660364bd2ba9e00741ff6,val
283,282,scan_c6f9439486a24144ab99ea1a284cde6d/c6f9439486a24144ab99ea1a284cde6d/0040_yaw066_pitch093.png,val,images/val/0282_0040_yaw066_pitch093.png,labels/val/0282_0040_yaw066_pitch093.txt,2,0,0761507a9999ee09bbecee5b68bd2f79ef47d0a0f56ee12c76b5ab06e43f0573,val
284,283,scan_c6f9439486a24144ab99ea1a284cde6d/c6f9439486a24144ab99ea1a284cde6d/0041_yaw063_pitch093.png,val,images/val/0283_0041_yaw063_pitch093.png,labels/val/0283_0041_yaw063_pitch093.txt,2,0,2f7c2757794790edde29632a383844af0fb3590bd944ba4e460100246955573f,val
285,284,scan_c6f9439486a24144ab99ea1a284cde6d/c6f9439486a24144ab99ea1a284cde6d/0042_yaw060_pitch093.png,val,images/val/0284_0042_yaw060_pitch093.png,labels/val/0284_0042_yaw060_pitch093.txt,2,0,d3d300e264c5f0a9f7b349a4c1f60cdb885563da4cb5eacd5d74f3d97d5d61d7,val
286,285,scan_c6f9439486a24144ab99ea1a284cde6d/c6f9439486a24144ab99ea1a284cde6d/0043_yaw060_pitch096.png,val,images/val/0285_0043_yaw060_pitch096.png,labels/val/0285_0043_yaw060_pitch096.txt,2,0,d5e007071989a44ed54ef21a89d5435c9fa85ea37565c6c83b99679f4d36e4cb,val
287,286,scan_c6f9439486a24144ab99ea1a284cde6d/c6f9439486a24144ab99ea1a284cde6d/0044_yaw063_pitch096.png,val,images/val/0286_0044_yaw063_pitch096.png,labels/val/0286_0044_yaw063_pitch096.txt,2,0,1beb794b3642dc4157fd665fcef3025d2b920ac17cac2c556109a2e508639e85,val
288,287,scan_c6f9439486a24144ab99ea1a284cde6d/c6f9439486a24144ab99ea1a284cde6d/0045_yaw066_pitch096.png,val,images/val/0287_0045_yaw066_pitch096.png,labels/val/0287_0045_yaw066_pitch096.txt,2,0,d7a31300079d5e1dbff29ace60d6d23a0a358fe88c2ca5cc4b229efe85b1cdd0,val
289,288,scan_c6f9439486a24144ab99ea1a284cde6d/c6f9439486a24144ab99ea1a284cde6d/0046_yaw069_pitch096.png,val,images/val/0288_0046_yaw069_pitch096.png,labels/val/0288_0046_yaw069_pitch096.txt,2,0,ad7a3af39de9a251a83abb6a01aa76e445da60e77284218d4fb103ad4258a4b5,val
290,289,scan_c6f9439486a24144ab99ea1a284cde6d/c6f9439486a24144ab99ea1a284cde6d/0047_yaw072_pitch096.png,train,images/train/0289_0047_yaw072_pitch096.png,labels/train/0289_0047_yaw072_pitch096.txt,2,0,04250911f36ef45c0fa4621eb7100772026a6bad60d8c2906c204653071d18de,val
291,290,scan_c6f9439486a24144ab99ea1a284cde6d/c6f9439486a24144ab99ea1a284cde6d/0048_yaw075_pitch096.png,train,images/train/0290_0048_yaw075_pitch096.png,labels/train/0290_0048_yaw075_pitch096.txt,2,0,8e048ed52421857e0b96fe93f930482f0c2af0efcd0c77c64f79619ae3317e7a,val
292,291,scan_c6f9439486a24144ab99ea1a284cde6d/c6f9439486a24144ab99ea1a284cde6d/0049_yaw078_pitch096.png,train,images/train/0291_0049_yaw078_pitch096.png,labels/train/0291_0049_yaw078_pitch096.txt,2,0,1e07a5517d3e62531a7dec4907b2c0e9c0bd63976cb15fd11347d10db38d53bb,val
293,292,scan_c6f9439486a24144ab99ea1a284cde6d/c6f9439486a24144ab99ea1a284cde6d/0050_yaw081_pitch096.png,train,images/train/0292_0050_yaw081_pitch096.png,labels/train/0292_0050_yaw081_pitch096.txt,2,0,433363b55a0d38e9e6fe4d08a26b12bd9ab05c22c88bb2b50f7048e150ab98b8,val
294,293,scan_c6f9439486a24144ab99ea1a284cde6d/c6f9439486a24144ab99ea1a284cde6d/0051_yaw084_pitch096.png,train,images/train/0293_0051_yaw084_pitch096.png,labels/train/0293_0051_yaw084_pitch096.txt,2,0,cd0186ecb0c8ffbe2f51dca7a8f74dde29877166583c43af956837a0c89468b6,val
295,294,scan_c6f9439486a24144ab99ea1a284cde6d/c6f9439486a24144ab99ea1a284cde6d/0052_yaw087_pitch096.png,train,images/train/0294_0052_yaw087_pitch096.png,labels/train/0294_0052_yaw087_pitch096.txt,2,0,bb55f65c12f39b0f58b41ee5c873e0ead0795dd8e15fd8bc3476ca925229c370,val
296,295,scan_c6f9439486a24144ab99ea1a284cde6d/c6f9439486a24144ab99ea1a284cde6d/0053_yaw090_pitch096.png,train,images/train/0295_0053_yaw090_pitch096.png,labels/train/0295_0053_yaw090_pitch096.txt,2,0,317017b324c6c23e429bb494bcc521d4af570ba6c59c19a78a71b08b3a25145c,val
297,296,scan_c6f9439486a24144ab99ea1a284cde6d/c6f9439486a24144ab99ea1a284cde6d/0054_yaw093_pitch096.png,train,images/train/0296_0054_yaw093_pitch096.png,labels/train/0296_0054_yaw093_pitch096.txt,2,0,3ddbd54a4a9b49e90030a2a2b04d4ebc32fe0f8c9951445b314b2143b350cb44,val
298,297,scan_c6f9439486a24144ab99ea1a284cde6d/c6f9439486a24144ab99ea1a284cde6d/0055_yaw096_pitch096.png,train,images/train/0297_0055_yaw096_pitch096.png,labels/train/0297_0055_yaw096_pitch096.txt,2,0,01c16767de6e95f3f9ba812393705f573272244d2c88731fa6ae7cf0639567c1,val
299,298,scan_c6f9439486a24144ab99ea1a284cde6d/c6f9439486a24144ab99ea1a284cde6d/0056_yaw099_pitch096.png,train,images/train/0298_0056_yaw099_pitch096.png,labels/train/0298_0056_yaw099_pitch096.txt,2,0,325129254cd327ce8cf9f3f2689e695fb650e9b98baa5a105b1ceeaa5ec0211a,val
300,299,scan_c6f9439486a24144ab99ea1a284cde6d/c6f9439486a24144ab99ea1a284cde6d/0057_yaw102_pitch096.png,train,images/train/0299_0057_yaw102_pitch096.png,labels/train/0299_0057_yaw102_pitch096.txt,2,0,a5725b7232b89ea8ea91175531873402d41ea0a70888253fe356d9a54817503e,val
301,300,scan_c6f9439486a24144ab99ea1a284cde6d/c6f9439486a24144ab99ea1a284cde6d/0058_yaw105_pitch096.png,train,images/train/0300_0058_yaw105_pitch096.png,labels/train/0300_0058_yaw105_pitch096.txt,2,0,73de66fcfdf0373eee066770750d3f23d902ab0256194b727e23bab991a21866,val
302,301,scan_c6f9439486a24144ab99ea1a284cde6d/c6f9439486a24144ab99ea1a284cde6d/0059_yaw108_pitch096.png,train,images/train/0301_0059_yaw108_pitch096.png,labels/train/0301_0059_yaw108_pitch096.txt,2,0,1e4580f9c7703f6e9db7914c5b780f5db39d6ddffa783e9bd4375a462f62a938,val
303,302,scan_c6f9439486a24144ab99ea1a284cde6d/c6f9439486a24144ab99ea1a284cde6d/0060_yaw111_pitch096.png,train,images/train/0302_0060_yaw111_pitch096.png,labels/train/0302_0060_yaw111_pitch096.txt,2,0,a0812b6055bcc25880d70a220683a8023af2f61efc46bc888f8055937e6c18f9,val
304,303,scan_c6f9439486a24144ab99ea1a284cde6d/c6f9439486a24144ab99ea1a284cde6d/0061_yaw114_pitch096.png,train,images/train/0303_0061_yaw114_pitch096.png,labels/train/0303_0061_yaw114_pitch096.txt,2,0,ecdbf47dfdbdadf11bf7b1ed4c2f3497889d5a7844e2c1036357884e0f83caca,val
305,304,scan_c6f9439486a24144ab99ea1a284cde6d/c6f9439486a24144ab99ea1a284cde6d/0062_yaw117_pitch096.png,train,images/train/0304_0062_yaw117_pitch096.png,labels/train/0304_0062_yaw117_pitch096.txt,2,0,25f7cd0a8a238cef2e02def6e238e24f85a790e89827030e1db28538d57427d2,val
306,305,scan_c6f9439486a24144ab99ea1a284cde6d/c6f9439486a24144ab99ea1a284cde6d/0063_yaw120_pitch096.png,train,images/train/0305_0063_yaw120_pitch096.png,labels/train/0305_0063_yaw120_pitch096.txt,2,0,de7becfb7011eb8e0655b8a2408798e763ee7c8eb707312bf8ddb5c57b384525,val
307,306,scan_c6f9439486a24144ab99ea1a284cde6d/c6f9439486a24144ab99ea1a284cde6d/0064_yaw120_pitch099.png,train,images/train/0306_0064_yaw120_pitch099.png,labels/train/0306_0064_yaw120_pitch099.txt,2,0,570bc25f79e40cd599cc357820bb88b0d09727fc24a1e9651b62c9a20166a350,val
308,307,scan_c6f9439486a24144ab99ea1a284cde6d/c6f9439486a24144ab99ea1a284cde6d/0065_yaw117_pitch099.png,train,images/train/0307_0065_yaw117_pitch099.png,labels/train/0307_0065_yaw117_pitch099.txt,2,0,247e0400e549a6b038e430a650ebf0c770c06b1511821f2c4bea338ac029eed1,val
309,308,scan_c6f9439486a24144ab99ea1a284cde6d/c6f9439486a24144ab99ea1a284cde6d/0066_yaw114_pitch099.png,train,images/train/0308_0066_yaw114_pitch099.png,labels/train/0308_0066_yaw114_pitch099.txt,2,0,681565dd5e8ef4b12cd7517d2b5efc33e853e192fe4e5f52b714055ce7b8f772,val
310,309,scan_c6f9439486a24144ab99ea1a284cde6d/c6f9439486a24144ab99ea1a284cde6d/0067_yaw111_pitch099.png,train,images/train/0309_0067_yaw111_pitch099.png,labels/train/0309_0067_yaw111_pitch099.txt,2,0,2f627b06228486c01bfe4264573cf76da8b40c1b32d8f7e1fe61f43b71bf6155,val
311,310,scan_c6f9439486a24144ab99ea1a284cde6d/c6f9439486a24144ab99ea1a284cde6d/0068_yaw108_pitch099.png,train,images/train/0310_0068_yaw108_pitch099.png,labels/train/0310_0068_yaw108_pitch099.txt,2,0,0d57826dd01add4afceba05f5e7952a4273b88d245f0e0c5a9c6e88366f2fbe7,val
312,311,scan_c6f9439486a24144ab99ea1a284cde6d/c6f9439486a24144ab99ea1a284cde6d/0069_yaw105_pitch099.png,train,images/train/0311_0069_yaw105_pitch099.png,labels/train/0311_0069_yaw105_pitch099.txt,2,0,8bd6ccd25a8d3bc8846c51ce6241da1c9b685cc0863e3628b7582c7741cedf48,val
313,312,scan_c6f9439486a24144ab99ea1a284cde6d/c6f9439486a24144ab99ea1a284cde6d/0070_yaw102_pitch099.png,train,images/train/0312_0070_yaw102_pitch099.png,labels/train/0312_0070_yaw102_pitch099.txt,2,0,3b319c421bf9dbdd18f7b491d1315f34e136cb55862d981530ce02da771e388c,val
314,313,scan_c6f9439486a24144ab99ea1a284cde6d/c6f9439486a24144ab99ea1a284cde6d/0071_yaw099_pitch099.png,train,images/train/0313_0071_yaw099_pitch099.png,labels/train/0313_0071_yaw099_pitch099.txt,2,0,6b99a1d4c78419b4139efb48eb9870711fb6eacf7f8ba6d338241c6d2e902ad9,val
315,314,scan_c6f9439486a24144ab99ea1a284cde6d/c6f9439486a24144ab99ea1a284cde6d/0072_yaw096_pitch099.png,train,images/train/0314_0072_yaw096_pitch099.png,labels/train/0314_0072_yaw096_pitch099.txt,2,0,5608c40a21c088959258ca21b7f1d332d475643541d207c32031f1e99e20ab2e,val
316,315,scan_c6f9439486a24144ab99ea1a284cde6d/c6f9439486a24144ab99ea1a284cde6d/0073_yaw093_pitch099.png,train,images/train/0315_0073_yaw093_pitch099.png,labels/train/0315_0073_yaw093_pitch099.txt,2,0,3e849595848a0a39f10ecb9dc3f776f3bee4d01d193da4058047ad943bca5044,val
317,316,scan_c6f9439486a24144ab99ea1a284cde6d/c6f9439486a24144ab99ea1a284cde6d/0074_yaw090_pitch099.png,train,images/train/0316_0074_yaw090_pitch099.png,labels/train/0316_0074_yaw090_pitch099.txt,2,0,5fab9f24e78a2cbda4626508caff1cdc1bed822d37ff125f36dccddcc15d7a95,val
318,317,scan_c6f9439486a24144ab99ea1a284cde6d/c6f9439486a24144ab99ea1a284cde6d/0075_yaw087_pitch099.png,train,images/train/0317_0075_yaw087_pitch099.png,labels/train/0317_0075_yaw087_pitch099.txt,2,0,d2e4b8e95efba37096e5a39cf44e9bdc11b3166705f7da3fdb6221d5c73adf53,val
319,318,scan_c6f9439486a24144ab99ea1a284cde6d/c6f9439486a24144ab99ea1a284cde6d/0076_yaw084_pitch099.png,train,images/train/0318_0076_yaw084_pitch099.png,labels/train/0318_0076_yaw084_pitch099.txt,2,0,b99947317b8b4450159e65ba1f5e493b4771ae880c86c7686673ea21b34d7004,val
320,319,scan_c6f9439486a24144ab99ea1a284cde6d/c6f9439486a24144ab99ea1a284cde6d/0077_yaw081_pitch099.png,train,images/train/0319_0077_yaw081_pitch099.png,labels/train/0319_0077_yaw081_pitch099.txt,2,0,78c900301a504405e60b45bdb782fe7b1c0e86da40cbafccbac7e44900b3b784,val
321,320,scan_c6f9439486a24144ab99ea1a284cde6d/c6f9439486a24144ab99ea1a284cde6d/0078_yaw078_pitch099.png,train,images/train/0320_0078_yaw078_pitch099.png,labels/train/0320_0078_yaw078_pitch099.txt,2,0,a953a6d5d837965f2dcf7532380f9ae6b3f105a6a00774d067b9f45bbb6af0a5,val
322,321,scan_c6f9439486a24144ab99ea1a284cde6d/c6f9439486a24144ab99ea1a284cde6d/0079_yaw075_pitch099.png,train,images/train/0321_0079_yaw075_pitch099.png,labels/train/0321_0079_yaw075_pitch099.txt,2,0,bd09203fb136d3287b6bc570f4b6c5a67f878b57f86c5a1ff759a96d5c8da41c,val
323,322,scan_c6f9439486a24144ab99ea1a284cde6d/c6f9439486a24144ab99ea1a284cde6d/0080_yaw072_pitch099.png,train,images/train/0322_0080_yaw072_pitch099.png,labels/train/0322_0080_yaw072_pitch099.txt,2,0,a37345d1e07da823999156590b38793548eb12dc358725827120bb6cdf982f4a,val
324,323,scan_c6f9439486a24144ab99ea1a284cde6d/c6f9439486a24144ab99ea1a284cde6d/0081_yaw069_pitch099.png,train,images/train/0323_0081_yaw069_pitch099.png,labels/train/0323_0081_yaw069_pitch099.txt,2,0,4b56a5be168ba896a201e9049a911c0d56145abd24cd8876ad4924267a85a189,val
325,324,scan_c6f9439486a24144ab99ea1a284cde6d/c6f9439486a24144ab99ea1a284cde6d/0082_yaw066_pitch099.png,train,images/train/0324_0082_yaw066_pitch099.png,labels/train/0324_0082_yaw066_pitch099.txt,2,0,f587326ca9b8c6af06f0bb297aa5a6a3f98a2b382f22fd909e259389fa32c8b5,val
326,325,scan_c6f9439486a24144ab99ea1a284cde6d/c6f9439486a24144ab99ea1a284cde6d/0083_yaw063_pitch099.png,train,images/train/0325_0083_yaw063_pitch099.png,labels/train/0325_0083_yaw063_pitch099.txt,2,0,fe13df6b2f9a16f069688b2bd14daa15e5a5c0c957b55c0c73a03d7cc66890f1,val
327,326,scan_c6f9439486a24144ab99ea1a284cde6d/c6f9439486a24144ab99ea1a284cde6d/0084_yaw060_pitch099.png,train,images/train/0326_0084_yaw060_pitch099.png,labels/train/0326_0084_yaw060_pitch099.txt,1,0,1997c45d8ec6ed8fcfc7b985dc54f67a6a414c2117eb63d1324a27f21b5ba5cc,val
328,327,scan_c6f9439486a24144ab99ea1a284cde6d/c6f9439486a24144ab99ea1a284cde6d/0085_yaw060_pitch102.png,train,images/train/0327_0085_yaw060_pitch102.png,labels/train/0327_0085_yaw060_pitch102.txt,1,0,f63c9bb436b005b6bab2a19b9008d1775ff91dfc2e213349e1a4deb73524ada4,val
329,328,scan_c6f9439486a24144ab99ea1a284cde6d/c6f9439486a24144ab99ea1a284cde6d/0086_yaw063_pitch102.png,train,images/train/0328_0086_yaw063_pitch102.png,labels/train/0328_0086_yaw063_pitch102.txt,2,0,8ff216a888571dc0c64d4a2441e29c9a3aae11845b3bf4a404c47cc99a9134d0,val
330,329,scan_c6f9439486a24144ab99ea1a284cde6d/c6f9439486a24144ab99ea1a284cde6d/0087_yaw066_pitch102.png,train,images/train/0329_0087_yaw066_pitch102.png,labels/train/0329_0087_yaw066_pitch102.txt,2,0,c6b389cff4de3b3681d6eda20d78bc2e470630ea299d7690d359931bda29895d,val
331,330,scan_c6f9439486a24144ab99ea1a284cde6d/c6f9439486a24144ab99ea1a284cde6d/0088_yaw069_pitch102.png,train,images/train/0330_0088_yaw069_pitch102.png,labels/train/0330_0088_yaw069_pitch102.txt,2,0,4401ac3d1650e52db520bfbd2cdeacf6059ca1a1df825928e4588b1d55a748ca,val
332,331,scan_c6f9439486a24144ab99ea1a284cde6d/c6f9439486a24144ab99ea1a284cde6d/0089_yaw072_pitch102.png,train,images/train/0331_0089_yaw072_pitch102.png,labels/train/0331_0089_yaw072_pitch102.txt,2,0,ff3fa71f571aa1915b79bda9010659549c876c0e4b2c6acd7d208ce054e6e650,val
333,332,scan_c6f9439486a24144ab99ea1a284cde6d/c6f9439486a24144ab99ea1a284cde6d/0090_yaw075_pitch102.png,train,images/train/0332_0090_yaw075_pitch102.png,labels/train/0332_0090_yaw075_pitch102.txt,2,0,a986771ff86cbd45c1faeb642b0a0165b7bda2e67efff2184566c7960b0ad50a,val
334,333,scan_c6f9439486a24144ab99ea1a284cde6d/c6f9439486a24144ab99ea1a284cde6d/0091_yaw078_pitch102.png,train,images/train/0333_0091_yaw078_pitch102.png,labels/train/0333_0091_yaw078_pitch102.txt,2,0,38baac5e60aed3a5076dbebf50c30610c84bf7251fde5040d1ba809fdad454f7,val
335,334,scan_c6f9439486a24144ab99ea1a284cde6d/c6f9439486a24144ab99ea1a284cde6d/0092_yaw081_pitch102.png,train,images/train/0334_0092_yaw081_pitch102.png,labels/train/0334_0092_yaw081_pitch102.txt,2,0,69f2620808465d6c6b5753027c295c8a816c6acb84216e4d9e342f7d085db8d6,val
336,335,scan_c6f9439486a24144ab99ea1a284cde6d/c6f9439486a24144ab99ea1a284cde6d/0093_yaw084_pitch102.png,train,images/train/0335_0093_yaw084_pitch102.png,labels/train/0335_0093_yaw084_pitch102.txt,2,0,e1667dc401ade00e3166400a09031b6c625e51c05ba30a9c72ce045d8f281a8a,val
337,336,scan_c6f9439486a24144ab99ea1a284cde6d/c6f9439486a24144ab99ea1a284cde6d/0094_yaw087_pitch102.png,train,images/train/0336_0094_yaw087_pitch102.png,labels/train/0336_0094_yaw087_pitch102.txt,2,0,aebb1deaf440b5ef6b4c53eb4d02903202b54d1aa81ab83867a799b8e1a61ebd,val
338,337,scan_c6f9439486a24144ab99ea1a284cde6d/c6f9439486a24144ab99ea1a284cde6d/0095_yaw090_pitch102.png,train,images/train/0337_0095_yaw090_pitch102.png,labels/train/0337_0095_yaw090_pitch102.txt,2,0,decddaf26e33893d4e39688c98b4930120cb0dfdc829ba55ba74861a6824ac2e,val
339,338,scan_c6f9439486a24144ab99ea1a284cde6d/c6f9439486a24144ab99ea1a284cde6d/0096_yaw093_pitch102.png,train,images/train/0338_0096_yaw093_pitch102.png,labels/train/0338_0096_yaw093_pitch102.txt,2,0,161d8123683f16b9a230ad3df5bd78f42fe0b98cdd8bfb1036b4538ce10b631b,val
340,339,scan_c6f9439486a24144ab99ea1a284cde6d/c6f9439486a24144ab99ea1a284cde6d/0097_yaw096_pitch102.png,train,images/train/0339_0097_yaw096_pitch102.png,labels/train/0339_0097_yaw096_pitch102.txt,2,0,14743c6f7fb7c03e7274b8b85a2654a7562a2d5ae63cfb04bc19e8b046ea3c42,val
341,340,scan_c6f9439486a24144ab99ea1a284cde6d/c6f9439486a24144ab99ea1a284cde6d/0098_yaw099_pitch102.png,train,images/train/0340_0098_yaw099_pitch102.png,labels/train/0340_0098_yaw099_pitch102.txt,2,0,33665d9b7d865f16e5840eab66a6ec7e7155c2d717c762c81e1058b2aff23168,val
342,341,scan_c6f9439486a24144ab99ea1a284cde6d/c6f9439486a24144ab99ea1a284cde6d/0099_yaw102_pitch102.png,train,images/train/0341_0099_yaw102_pitch102.png,labels/train/0341_0099_yaw102_pitch102.txt,2,0,16e96565612fd15453229f5af537f3309bcbb89edb047081b32a76882b4b17a4,val
343,342,scan_c6f9439486a24144ab99ea1a284cde6d/c6f9439486a24144ab99ea1a284cde6d/0100_yaw105_pitch102.png,train,images/train/0342_0100_yaw105_pitch102.png,labels/train/0342_0100_yaw105_pitch102.txt,2,0,e928cbc733181de21424e38888dac84771607f04ca08b28a92c5711b8e02f87b,val
344,343,scan_c6f9439486a24144ab99ea1a284cde6d/c6f9439486a24144ab99ea1a284cde6d/0101_yaw108_pitch102.png,train,images/train/0343_0101_yaw108_pitch102.png,labels/train/0343_0101_yaw108_pitch102.txt,2,0,daeb958cae37abed94e96b06dffabe91507ecfef7345f3f25a0acdf43152988c,val
345,344,scan_c6f9439486a24144ab99ea1a284cde6d/c6f9439486a24144ab99ea1a284cde6d/0102_yaw111_pitch102.png,train,images/train/0344_0102_yaw111_pitch102.png,labels/train/0344_0102_yaw111_pitch102.txt,2,0,aaaea0338898061a8a3b326d015689a8dfe927aee105c190dc3bea0a3bb3948f,val
346,345,scan_c6f9439486a24144ab99ea1a284cde6d/c6f9439486a24144ab99ea1a284cde6d/0103_yaw114_pitch102.png,train,images/train/0345_0103_yaw114_pitch102.png,labels/train/0345_0103_yaw114_pitch102.txt,2,0,88c30d46bcf6bc5a8bbddfd3c8a9068d501e5050636333dae54d5df909ffdfe0,val
347,346,scan_c6f9439486a24144ab99ea1a284cde6d/c6f9439486a24144ab99ea1a284cde6d/0104_yaw117_pitch102.png,train,images/train/0346_0104_yaw117_pitch102.png,labels/train/0346_0104_yaw117_pitch102.txt,2,0,9ce4fc7ecf7d9702a5d38e0c67e1d1c7da9ba24dec5d30a7a7a68354d286f0e9,val
348,347,scan_c6f9439486a24144ab99ea1a284cde6d/c6f9439486a24144ab99ea1a284cde6d/0105_yaw120_pitch102.png,train,images/train/0347_0105_yaw120_pitch102.png,labels/train/0347_0105_yaw120_pitch102.txt,2,0,39777bed18ac112b34ca70828573fdda863a8a58c08a1025ebb4d8eef0288dcc,val
349,348,scan_c6f9439486a24144ab99ea1a284cde6d/c6f9439486a24144ab99ea1a284cde6d/0106_yaw120_pitch105.png,train,images/train/0348_0106_yaw120_pitch105.png,labels/train/0348_0106_yaw120_pitch105.txt,2,0,c5f22f06f13f1e76f2f41449a15658ed06ec8ff1f08560d7b189665ff28d596d,val
350,349,scan_c6f9439486a24144ab99ea1a284cde6d/c6f9439486a24144ab99ea1a284cde6d/0107_yaw117_pitch105.png,train,images/train/0349_0107_yaw117_pitch105.png,labels/train/0349_0107_yaw117_pitch105.txt,2,0,56144d8f9957c8977e8592fd542efc309b29f26c3f73d27b8ae80124eb9b4b28,val
351,350,scan_c6f9439486a24144ab99ea1a284cde6d/c6f9439486a24144ab99ea1a284cde6d/0108_yaw114_pitch105.png,train,images/train/0350_0108_yaw114_pitch105.png,labels/train/0350_0108_yaw114_pitch105.txt,2,0,83eb5bc2c1344947c70d26b75b9da349f6dbd533b6c4e2959c4f95e5d3a1c8ae,val
352,351,scan_c6f9439486a24144ab99ea1a284cde6d/c6f9439486a24144ab99ea1a284cde6d/0109_yaw111_pitch105.png,train,images/train/0351_0109_yaw111_pitch105.png,labels/train/0351_0109_yaw111_pitch105.txt,2,0,188102f898be6f22ae2333bca0eb637f529e89cbaff339fdc384a015f148768d,val
353,352,scan_c6f9439486a24144ab99ea1a284cde6d/c6f9439486a24144ab99ea1a284cde6d/0110_yaw108_pitch105.png,train,images/train/0352_0110_yaw108_pitch105.png,labels/train/0352_0110_yaw108_pitch105.txt,2,0,9531eef14c264c8c048f91f4a964cabaf3cc2c3037d1e3952e2017f91fcad505,val
354,353,scan_c6f9439486a24144ab99ea1a284cde6d/c6f9439486a24144ab99ea1a284cde6d/0111_yaw105_pitch105.png,train,images/train/0353_0111_yaw105_pitch105.png,labels/train/0353_0111_yaw105_pitch105.txt,2,0,94e6ffc4b346ecb57ee3e0238b912a913881c0c3201d23fff0e346d923d2d8cc,val
355,354,scan_c6f9439486a24144ab99ea1a284cde6d/c6f9439486a24144ab99ea1a284cde6d/0112_yaw102_pitch105.png,train,images/train/0354_0112_yaw102_pitch105.png,labels/train/0354_0112_yaw102_pitch105.txt,2,0,4f707efd0bf2b46d554a71ec379b03e47a99ae8d9e38d8e5c8b0ffd44fd7d38c,val
356,355,scan_c6f9439486a24144ab99ea1a284cde6d/c6f9439486a24144ab99ea1a284cde6d/0113_yaw099_pitch105.png,train,images/train/0355_0113_yaw099_pitch105.png,labels/train/0355_0113_yaw099_pitch105.txt,2,0,7aa3397a3bcf8afa12e3888e6565a6a8b510ef998a4308e7d101a4fefebb6733,val
357,356,scan_c6f9439486a24144ab99ea1a284cde6d/c6f9439486a24144ab99ea1a284cde6d/0114_yaw096_pitch105.png,train,images/train/0356_0114_yaw096_pitch105.png,labels/train/0356_0114_yaw096_pitch105.txt,2,0,c05e1455c9703855c0ab7085e7babed979f0c5a3c99fb83621a26543a1d0a6c0,val
358,357,scan_c6f9439486a24144ab99ea1a284cde6d/c6f9439486a24144ab99ea1a284cde6d/0115_yaw093_pitch105.png,train,images/train/0357_0115_yaw093_pitch105.png,labels/train/0357_0115_yaw093_pitch105.txt,2,0,44bd351a6840e9a8960e92a4b3415a1317d2f6546ea12dc17326e4f34f4f41d9,val
359,358,scan_c6f9439486a24144ab99ea1a284cde6d/c6f9439486a24144ab99ea1a284cde6d/0116_yaw090_pitch105.png,train,images/train/0358_0116_yaw090_pitch105.png,labels/train/0358_0116_yaw090_pitch105.txt,2,0,83a6a4cc6ddeba6793002ea2fe3acf794e3e58a76931878e5fd38a753723c315,val
360,359,scan_c6f9439486a24144ab99ea1a284cde6d/c6f9439486a24144ab99ea1a284cde6d/0117_yaw087_pitch105.png,train,images/train/0359_0117_yaw087_pitch105.png,labels/train/0359_0117_yaw087_pitch105.txt,2,0,f6d4683c552d1bff58405d197ee60a1cf30e9e0802c8e20dc463947f954a388b,val
361,360,scan_c6f9439486a24144ab99ea1a284cde6d/c6f9439486a24144ab99ea1a284cde6d/0118_yaw084_pitch105.png,train,images/train/0360_0118_yaw084_pitch105.png,labels/train/0360_0118_yaw084_pitch105.txt,2,0,c92bdac7cfd23372dd6d5ba7564483e53e3e49e9f890e9c2320183a82b77395f,val
362,361,scan_c6f9439486a24144ab99ea1a284cde6d/c6f9439486a24144ab99ea1a284cde6d/0119_yaw081_pitch105.png,train,images/train/0361_0119_yaw081_pitch105.png,labels/train/0361_0119_yaw081_pitch105.txt,2,0,9cf99b5cc8c83d4541c3474544e728831bbd746be9a1922a0d60662943ccd202,val
363,362,scan_c6f9439486a24144ab99ea1a284cde6d/c6f9439486a24144ab99ea1a284cde6d/0120_yaw078_pitch105.png,train,images/train/0362_0120_yaw078_pitch105.png,labels/train/0362_0120_yaw078_pitch105.txt,2,0,1c733cf1cd294909da384f9d01ab7f0c6064b5abf30177219688aa4087e43a0a,val
364,363,scan_c6f9439486a24144ab99ea1a284cde6d/c6f9439486a24144ab99ea1a284cde6d/0121_yaw075_pitch105.png,train,images/train/0363_0121_yaw075_pitch105.png,labels/train/0363_0121_yaw075_pitch105.txt,2,0,66fe2bc27641d484041c0e59c12c9499560af3297ef8e22ff804dc1a622e8293,val
365,364,scan_c6f9439486a24144ab99ea1a284cde6d/c6f9439486a24144ab99ea1a284cde6d/0122_yaw072_pitch105.png,train,images/train/0364_0122_yaw072_pitch105.png,labels/train/0364_0122_yaw072_pitch105.txt,2,0,217990a0679d46a8f25c560386a9b90f85bbd55058a3e82852ab06e484b46ff6,val
366,365,scan_c6f9439486a24144ab99ea1a284cde6d/c6f9439486a24144ab99ea1a284cde6d/0123_yaw069_pitch105.png,test,images/test/0365_0123_yaw069_pitch105.png,labels/test/0365_0123_yaw069_pitch105.txt,2,0,d39ed0ee7860a87da9a295ad85e9e18d2e77167369e73d98ee3ce52bc70b82a2,val
367,366,scan_c6f9439486a24144ab99ea1a284cde6d/c6f9439486a24144ab99ea1a284cde6d/0124_yaw066_pitch105.png,test,images/test/0366_0124_yaw066_pitch105.png,labels/test/0366_0124_yaw066_pitch105.txt,2,0,34d2aec0fc538754243f048079ff9c68fe05133fb1ca5b1d60cc74c3cc5c8467,val
368,367,scan_c6f9439486a24144ab99ea1a284cde6d/c6f9439486a24144ab99ea1a284cde6d/0125_yaw063_pitch105.png,test,images/test/0367_0125_yaw063_pitch105.png,labels/test/0367_0125_yaw063_pitch105.txt,2,0,a2b653e9306754d4d8da60107057806ab08401433b6e9668e139bc43f35d08fc,val
369,368,scan_c6f9439486a24144ab99ea1a284cde6d/c6f9439486a24144ab99ea1a284cde6d/0126_yaw060_pitch105.png,test,images/test/0368_0126_yaw060_pitch105.png,labels/test/0368_0126_yaw060_pitch105.txt,1,0,cc9037f5e542ff9eb256260afd8c0f4b35733a4a6535f5a4f4389c12d0378b8f,val
370,369,scan_c6f9439486a24144ab99ea1a284cde6d/c6f9439486a24144ab99ea1a284cde6d/0127_yaw060_pitch108.png,test,images/test/0369_0127_yaw060_pitch108.png,labels/test/0369_0127_yaw060_pitch108.txt,1,0,357659d54358585a5a937f600160d6a35937504a1bfc6444b3aa40ed942b20be,val
371,370,scan_c6f9439486a24144ab99ea1a284cde6d/c6f9439486a24144ab99ea1a284cde6d/0128_yaw063_pitch108.png,test,images/test/0370_0128_yaw063_pitch108.png,labels/test/0370_0128_yaw063_pitch108.txt,2,0,7dcb63af3c1915f7ec4d0d8066e1dbf4a22bc4f367a020219b00c57cd6e35872,val
372,371,scan_c6f9439486a24144ab99ea1a284cde6d/c6f9439486a24144ab99ea1a284cde6d/0129_yaw066_pitch108.png,test,images/test/0371_0129_yaw066_pitch108.png,labels/test/0371_0129_yaw066_pitch108.txt,2,0,d0a6771699e233759bbad91d0ffaf8c15dbbcea6704aa4fa8d521134c15e7b18,val
373,372,scan_c6f9439486a24144ab99ea1a284cde6d/c6f9439486a24144ab99ea1a284cde6d/0130_yaw069_pitch108.png,test,images/test/0372_0130_yaw069_pitch108.png,labels/test/0372_0130_yaw069_pitch108.txt,2,0,c3855f0316d80d74618c6d8ce4d37f08d47f079c00cf260c9a77cdb444c36b95,val
374,373,scan_c6f9439486a24144ab99ea1a284cde6d/c6f9439486a24144ab99ea1a284cde6d/0131_yaw072_pitch108.png,train,images/train/0373_0131_yaw072_pitch108.png,labels/train/0373_0131_yaw072_pitch108.txt,2,0,b7ea6186d31406f04d3e46e878d32f780ef26496bea5649a048c97a614118e56,val
375,374,scan_c6f9439486a24144ab99ea1a284cde6d/c6f9439486a24144ab99ea1a284cde6d/0132_yaw075_pitch108.png,train,images/train/0374_0132_yaw075_pitch108.png,labels/train/0374_0132_yaw075_pitch108.txt,2,0,74be67bdbae704d1c000e3e8de24fa7ae681a3c9ceb38a305ee7cbc5517a410f,val
376,375,scan_c6f9439486a24144ab99ea1a284cde6d/c6f9439486a24144ab99ea1a284cde6d/0133_yaw078_pitch108.png,train,images/train/0375_0133_yaw078_pitch108.png,labels/train/0375_0133_yaw078_pitch108.txt,2,0,7028cb2d061032f82ed1431b570da941ab6b5aa580e4f6dca8ba8ff6523eea3b,val
377,376,scan_c6f9439486a24144ab99ea1a284cde6d/c6f9439486a24144ab99ea1a284cde6d/0134_yaw081_pitch108.png,train,images/train/0376_0134_yaw081_pitch108.png,labels/train/0376_0134_yaw081_pitch108.txt,2,0,629d6b6ed1a876c321e783602dbb6e63d5cb957f3805816575a09cc6eec444d7,val
378,377,scan_c6f9439486a24144ab99ea1a284cde6d/c6f9439486a24144ab99ea1a284cde6d/0135_yaw084_pitch108.png,train,images/train/0377_0135_yaw084_pitch108.png,labels/train/0377_0135_yaw084_pitch108.txt,2,0,80f44d7a93d026e0665b81401cb7079fc654a8e81f42bf3dd5109cba2ef388cc,val
379,378,scan_c6f9439486a24144ab99ea1a284cde6d/c6f9439486a24144ab99ea1a284cde6d/0136_yaw087_pitch108.png,train,images/train/0378_0136_yaw087_pitch108.png,labels/train/0378_0136_yaw087_pitch108.txt,2,0,efd790fb15f5b9ebced9a6eb06c4aa15b8d54375ef5746acbe10e0b1b913600d,val
380,379,scan_c6f9439486a24144ab99ea1a284cde6d/c6f9439486a24144ab99ea1a284cde6d/0137_yaw090_pitch108.png,train,images/train/0379_0137_yaw090_pitch108.png,labels/train/0379_0137_yaw090_pitch108.txt,2,0,e6891ee992423166f77ac5adc23cd50bd670fb72a5d9521e8ee8f92780818c96,val
381,380,scan_c6f9439486a24144ab99ea1a284cde6d/c6f9439486a24144ab99ea1a284cde6d/0138_yaw093_pitch108.png,train,images/train/0380_0138_yaw093_pitch108.png,labels/train/0380_0138_yaw093_pitch108.txt,2,0,9bb0708002f1f6eefa08dae78b16b72ca1c324add346373e0ca998fc17f4f7ce,val
382,381,scan_c6f9439486a24144ab99ea1a284cde6d/c6f9439486a24144ab99ea1a284cde6d/0139_yaw096_pitch108.png,train,images/train/0381_0139_yaw096_pitch108.png,labels/train/0381_0139_yaw096_pitch108.txt,2,0,b9edd8ea52f666fa1aeed8f9d019e846318fe4cbdc73224c64f892dee8b083b3,val
383,382,scan_c6f9439486a24144ab99ea1a284cde6d/c6f9439486a24144ab99ea1a284cde6d/0140_yaw099_pitch108.png,train,images/train/0382_0140_yaw099_pitch108.png,labels/train/0382_0140_yaw099_pitch108.txt,2,0,2378cba95660f92b59f7a4703a396978d5c4a94e6b204c203d4756a447b24a59,val
384,383,scan_c6f9439486a24144ab99ea1a284cde6d/c6f9439486a24144ab99ea1a284cde6d/0141_yaw102_pitch108.png,train,images/train/0383_0141_yaw102_pitch108.png,labels/train/0383_0141_yaw102_pitch108.txt,2,0,845677f4ca892158ae4684a16292a049154b920415d798d18119bf4107e38ae3,val
385,384,scan_c6f9439486a24144ab99ea1a284cde6d/c6f9439486a24144ab99ea1a284cde6d/0142_yaw105_pitch108.png,train,images/train/0384_0142_yaw105_pitch108.png,labels/train/0384_0142_yaw105_pitch108.txt,2,0,89ebd468d597a08a7960199f490c40610f4204a5f93ec5dbcc4b6278aaf4c0b7,val
386,385,scan_c6f9439486a24144ab99ea1a284cde6d/c6f9439486a24144ab99ea1a284cde6d/0143_yaw108_pitch108.png,train,images/train/0385_0143_yaw108_pitch108.png,labels/train/0385_0143_yaw108_pitch108.txt,2,0,ec73a770b8b6bdd919ed84f0c76e36e48ff774e70604c110e8868e2e39afd2d3,val
387,386,scan_c6f9439486a24144ab99ea1a284cde6d/c6f9439486a24144ab99ea1a284cde6d/0144_yaw111_pitch108.png,train,images/train/0386_0144_yaw111_pitch108.png,labels/train/0386_0144_yaw111_pitch108.txt,2,0,7bafbbdba4f9dcaca490df944cda8462d3871e4f343272a0679f4c10a2d635ab,val
388,387,scan_c6f9439486a24144ab99ea1a284cde6d/c6f9439486a24144ab99ea1a284cde6d/0145_yaw114_pitch108.png,train,images/train/0387_0145_yaw114_pitch108.png,labels/train/0387_0145_yaw114_pitch108.txt,2,0,9b205adb8fc0f405477d9a572a5314c57a59a1ab8eecee542f5c14e1efca4162,val
389,388,scan_c6f9439486a24144ab99ea1a284cde6d/c6f9439486a24144ab99ea1a284cde6d/0146_yaw117_pitch108.png,train,images/train/0388_0146_yaw117_pitch108.png,labels/train/0388_0146_yaw117_pitch108.txt,2,0,31f26b17237347a7124a94221a32e9c12bf164ed63231bddc15f0ca1e85cd06f,val
390,389,scan_c6f9439486a24144ab99ea1a284cde6d/c6f9439486a24144ab99ea1a284cde6d/0147_yaw120_pitch108.png,train,images/train/0389_0147_yaw120_pitch108.png,labels/train/0389_0147_yaw120_pitch108.txt,2,0,d50bac00514c8cd8be56bc8251c70a4d26fb30fba8e7469321a5582d0a08ae79,val
391,390,scan_c6f9439486a24144ab99ea1a284cde6d/c6f9439486a24144ab99ea1a284cde6d/0148_yaw120_pitch110.png,train,images/train/0390_0148_yaw120_pitch110.png,labels/train/0390_0148_yaw120_pitch110.txt,2,0,8f81688b44b50c1dc2ebc149241452765a4b56d0ddc48f226909d0348cfdbb76,val
392,391,scan_c6f9439486a24144ab99ea1a284cde6d/c6f9439486a24144ab99ea1a284cde6d/0149_yaw117_pitch110.png,train,images/train/0391_0149_yaw117_pitch110.png,labels/train/0391_0149_yaw117_pitch110.txt,2,0,b88a78dc1ff980232f159b7938aca2062942fa4331fc3f819038b1327fbc0e78,val
393,392,scan_c6f9439486a24144ab99ea1a284cde6d/c6f9439486a24144ab99ea1a284cde6d/0150_yaw114_pitch110.png,train,images/train/0392_0150_yaw114_pitch110.png,labels/train/0392_0150_yaw114_pitch110.txt,2,0,d9339302fc7c86441ae744841ad256559f6030d9a0798729e851eee51f3add7d,val
394,393,scan_c6f9439486a24144ab99ea1a284cde6d/c6f9439486a24144ab99ea1a284cde6d/0151_yaw111_pitch110.png,train,images/train/0393_0151_yaw111_pitch110.png,labels/train/0393_0151_yaw111_pitch110.txt,2,0,bb9eca9419fb5127025781ea833a2469d042bbaf35b25b36d34a15c1df1f9d3d,val
395,394,scan_c6f9439486a24144ab99ea1a284cde6d/c6f9439486a24144ab99ea1a284cde6d/0152_yaw108_pitch110.png,train,images/train/0394_0152_yaw108_pitch110.png,labels/train/0394_0152_yaw108_pitch110.txt,2,0,1c5912aaee6b909d2e50bec967671627addebc240df3a1bd852b7a3353de83b9,val
396,395,scan_c6f9439486a24144ab99ea1a284cde6d/c6f9439486a24144ab99ea1a284cde6d/0153_yaw105_pitch110.png,train,images/train/0395_0153_yaw105_pitch110.png,labels/train/0395_0153_yaw105_pitch110.txt,2,0,e627ba5181d241a0ca5017f71c16e3f6ad831ac70bb1c92c81573088b96fe53d,val
397,396,scan_c6f9439486a24144ab99ea1a284cde6d/c6f9439486a24144ab99ea1a284cde6d/0154_yaw102_pitch110.png,train,images/train/0396_0154_yaw102_pitch110.png,labels/train/0396_0154_yaw102_pitch110.txt,2,0,c21fdc11f7a1e5d8c4bd6e9547e10dc2e4529af895111481b33d678fdb7e2e58,val
398,397,scan_c6f9439486a24144ab99ea1a284cde6d/c6f9439486a24144ab99ea1a284cde6d/0155_yaw099_pitch110.png,train,images/train/0397_0155_yaw099_pitch110.png,labels/train/0397_0155_yaw099_pitch110.txt,2,0,839c0e777ae860b5956cb2f3856e4bb7d61c9d55ef77cb35ce08d4558e045a29,val
399,398,scan_c6f9439486a24144ab99ea1a284cde6d/c6f9439486a24144ab99ea1a284cde6d/0156_yaw096_pitch110.png,train,images/train/0398_0156_yaw096_pitch110.png,labels/train/0398_0156_yaw096_pitch110.txt,2,0,bff20ec0a1046f6f5dd630100b7567d29e3c21d6f838c3634879bed6a175a1a7,val
400,399,scan_c6f9439486a24144ab99ea1a284cde6d/c6f9439486a24144ab99ea1a284cde6d/0157_yaw093_pitch110.png,train,images/train/0399_0157_yaw093_pitch110.png,labels/train/0399_0157_yaw093_pitch110.txt,2,0,593135fcaf997b611c20c9731908643ebac82ad8e3e450d284881e69582cdaf9,val
401,400,scan_c6f9439486a24144ab99ea1a284cde6d/c6f9439486a24144ab99ea1a284cde6d/0158_yaw090_pitch110.png,train,images/train/0400_0158_yaw090_pitch110.png,labels/train/0400_0158_yaw090_pitch110.txt,2,0,3c363ae7e67f59a248726408bb3e0300249fe6a8172cd53d454a9242e28a2a93,val
402,401,scan_c6f9439486a24144ab99ea1a284cde6d/c6f9439486a24144ab99ea1a284cde6d/0159_yaw087_pitch110.png,train,images/train/0401_0159_yaw087_pitch110.png,labels/train/0401_0159_yaw087_pitch110.txt,2,0,e14ddd6b7341d2bb7ad9fb709410360acc84dff070abd401e0e567af1c8c8692,val
403,402,scan_c6f9439486a24144ab99ea1a284cde6d/c6f9439486a24144ab99ea1a284cde6d/0160_yaw084_pitch110.png,train,images/train/0402_0160_yaw084_pitch110.png,labels/train/0402_0160_yaw084_pitch110.txt,2,0,55071b194967251bbabbe819fd7f102136058fcce9c2d7f31ae0dbe1ebda1906,val
404,403,scan_c6f9439486a24144ab99ea1a284cde6d/c6f9439486a24144ab99ea1a284cde6d/0161_yaw081_pitch110.png,train,images/train/0403_0161_yaw081_pitch110.png,labels/train/0403_0161_yaw081_pitch110.txt,2,0,24390fb97af3e131ca86e461fa2f545fa1d2bbe36a88da02dfbd89f168775c47,val
405,404,scan_c6f9439486a24144ab99ea1a284cde6d/c6f9439486a24144ab99ea1a284cde6d/0162_yaw078_pitch110.png,train,images/train/0404_0162_yaw078_pitch110.png,labels/train/0404_0162_yaw078_pitch110.txt,2,0,4fd11488cbdcd21220b5987651c5c17694e224ae635940f593916d4f0a4081de,val
406,405,scan_c6f9439486a24144ab99ea1a284cde6d/c6f9439486a24144ab99ea1a284cde6d/0163_yaw075_pitch110.png,train,images/train/0405_0163_yaw075_pitch110.png,labels/train/0405_0163_yaw075_pitch110.txt,2,0,71fd99e967db4067349038011281662e864a163619a36479593fff6abb694a3c,val
407,406,scan_c6f9439486a24144ab99ea1a284cde6d/c6f9439486a24144ab99ea1a284cde6d/0164_yaw072_pitch110.png,train,images/train/0406_0164_yaw072_pitch110.png,labels/train/0406_0164_yaw072_pitch110.txt,2,0,5ea70717ec6f4a781a0824e505f61362bd99bd9d0eff6a3b26247f0b8b25006e,val
408,407,scan_c6f9439486a24144ab99ea1a284cde6d/c6f9439486a24144ab99ea1a284cde6d/0165_yaw069_pitch110.png,train,images/train/0407_0165_yaw069_pitch110.png,labels/train/0407_0165_yaw069_pitch110.txt,2,0,9bfffb4ce6ad525a56f44481802385663b8aeeb984761b65916a0ad7533793db,val
409,408,scan_c6f9439486a24144ab99ea1a284cde6d/c6f9439486a24144ab99ea1a284cde6d/0166_yaw066_pitch110.png,train,images/train/0408_0166_yaw066_pitch110.png,labels/train/0408_0166_yaw066_pitch110.txt,2,0,399dc168b582fd88d5aa502d26f4b31435ae75c4e18969b719ef2e6a5cce5e48,val
410,409,scan_c6f9439486a24144ab99ea1a284cde6d/c6f9439486a24144ab99ea1a284cde6d/0167_yaw063_pitch110.png,train,images/train/0409_0167_yaw063_pitch110.png,labels/train/0409_0167_yaw063_pitch110.txt,2,0,3ef0d028527d11fc6d647f57b7bdd64ca5bf64a240fe3512540384c24d89ad61,val
411,410,scan_c6f9439486a24144ab99ea1a284cde6d/c6f9439486a24144ab99ea1a284cde6d/0168_yaw060_pitch110.png,train,images/train/0410_0168_yaw060_pitch110.png,labels/train/0410_0168_yaw060_pitch110.txt,1,0,e4b1660c5ea6f6db00500bd6b30d257ef13e0a088c36c17a2fcfc7a1e6af5169,val
412,411,scan_e6c11cee14f94d7dbcba6bdebcb16276/e6c11cee14f94d7dbcba6bdebcb16276/0001_yaw090_pitch090.png,train,images/train/0411_0001_yaw090_pitch090.png,labels/train/0411_0001_yaw090_pitch090.txt,2,0,c4aafe348060235542bfc8fe3499b46a4d0aca0d4ec7dc6d64df7bb002628cf1,train
413,412,scan_e6c11cee14f94d7dbcba6bdebcb16276/e6c11cee14f94d7dbcba6bdebcb16276/0002_yaw093_pitch090.png,train,images/train/0412_0002_yaw093_pitch090.png,labels/train/0412_0002_yaw093_pitch090.txt,2,0,1f7b09222e7756e24c06af8a620374801274002e4fcb807cccc9c1678a060977,train
414,413,scan_e6c11cee14f94d7dbcba6bdebcb16276/e6c11cee14f94d7dbcba6bdebcb16276/0003_yaw096_pitch090.png,train,images/train/0413_0003_yaw096_pitch090.png,labels/train/0413_0003_yaw096_pitch090.txt,2,0,d0ba6ade47e7e5aae1d1335ada1b562d2731a5fa8d413cb1ef4ba9a2601e8318,train
415,414,scan_e6c11cee14f94d7dbcba6bdebcb16276/e6c11cee14f94d7dbcba6bdebcb16276/0004_yaw099_pitch090.png,train,images/train/0414_0004_yaw099_pitch090.png,labels/train/0414_0004_yaw099_pitch090.txt,2,0,83d135c5fb4375d24f192ede118a4063693dced93291adbe6f8cade29492728e,train
416,415,scan_e6c11cee14f94d7dbcba6bdebcb16276/e6c11cee14f94d7dbcba6bdebcb16276/0005_yaw102_pitch090.png,train,images/train/0415_0005_yaw102_pitch090.png,labels/train/0415_0005_yaw102_pitch090.txt,2,0,39a175c3c7be9d23cb22ed3e2d708fd7f1c32f59c2411d9eee537e8fb7b0e439,train
417,416,scan_e6c11cee14f94d7dbcba6bdebcb16276/e6c11cee14f94d7dbcba6bdebcb16276/0006_yaw105_pitch090.png,train,images/train/0416_0006_yaw105_pitch090.png,labels/train/0416_0006_yaw105_pitch090.txt,2,0,a622c0b6f72bd8cee27c261f8cef9ca6919f98642e55fb21bfd2a53331517f2a,train
418,417,scan_e6c11cee14f94d7dbcba6bdebcb16276/e6c11cee14f94d7dbcba6bdebcb16276/0007_yaw108_pitch090.png,train,images/train/0417_0007_yaw108_pitch090.png,labels/train/0417_0007_yaw108_pitch090.txt,2,0,dc7dffccd8173b7fa7ff10b2e6b745e404956c209c3e06d7524ca5798934f11f,train
419,418,scan_e6c11cee14f94d7dbcba6bdebcb16276/e6c11cee14f94d7dbcba6bdebcb16276/0008_yaw111_pitch090.png,train,images/train/0418_0008_yaw111_pitch090.png,labels/train/0418_0008_yaw111_pitch090.txt,2,0,b18196cfa996a34952ba52db1b816fd5360526578854157db8b3e4982a531038,train
420,419,scan_e6c11cee14f94d7dbcba6bdebcb16276/e6c11cee14f94d7dbcba6bdebcb16276/0009_yaw114_pitch090.png,train,images/train/0419_0009_yaw114_pitch090.png,labels/train/0419_0009_yaw114_pitch090.txt,2,0,dbe8ed3a7356e932f54f9fb85fd2a2f66eb8d57c287459f59be882a9c99df633,train
421,420,scan_e6c11cee14f94d7dbcba6bdebcb16276/e6c11cee14f94d7dbcba6bdebcb16276/0010_yaw117_pitch090.png,train,images/train/0420_0010_yaw117_pitch090.png,labels/train/0420_0010_yaw117_pitch090.txt,2,0,3abe1e1f1a1d76d4fc72c6d1e39d3243765669d70210bac8a1f66b67c74e39e9,train
422,421,scan_e6c11cee14f94d7dbcba6bdebcb16276/e6c11cee14f94d7dbcba6bdebcb16276/0011_yaw120_pitch090.png,train,images/train/0421_0011_yaw120_pitch090.png,labels/train/0421_0011_yaw120_pitch090.txt,2,0,aeedfeb75bda945e1df6a87d9a587c7dfe15a561a9ec2de8f3108add647a4a03,train
423,422,scan_e6c11cee14f94d7dbcba6bdebcb16276/e6c11cee14f94d7dbcba6bdebcb16276/0012_yaw123_pitch090.png,train,images/train/0422_0012_yaw123_pitch090.png,labels/train/0422_0012_yaw123_pitch090.txt,2,0,1d1d7508836f7fc259c40a2118948dd6caac8e885c37d63ef16c49af99a15e4d,train
424,423,scan_e6c11cee14f94d7dbcba6bdebcb16276/e6c11cee14f94d7dbcba6bdebcb16276/0013_yaw126_pitch090.png,train,images/train/0423_0013_yaw126_pitch090.png,labels/train/0423_0013_yaw126_pitch090.txt,2,0,d8f347024ac57085215c6dd29bfcd253f2fd257f7282bb26185f3184244b5a99,train
425,424,scan_e6c11cee14f94d7dbcba6bdebcb16276/e6c11cee14f94d7dbcba6bdebcb16276/0014_yaw129_pitch090.png,train,images/train/0424_0014_yaw129_pitch090.png,labels/train/0424_0014_yaw129_pitch090.txt,2,0,b438f63e4c2e36c389b13d3e8ef27bc3a97dfcc39aeb2245eb568ace64b604f8,train
426,425,scan_e6c11cee14f94d7dbcba6bdebcb16276/e6c11cee14f94d7dbcba6bdebcb16276/0015_yaw132_pitch090.png,train,images/train/0425_0015_yaw132_pitch090.png,labels/train/0425_0015_yaw132_pitch090.txt,2,0,77678e90818b8eaa2a696bee147d4af0ddf3e43cdce84996895c727f21c29e46,train
427,426,scan_e6c11cee14f94d7dbcba6bdebcb16276/e6c11cee14f94d7dbcba6bdebcb16276/0016_yaw135_pitch090.png,train,images/train/0426_0016_yaw135_pitch090.png,labels/train/0426_0016_yaw135_pitch090.txt,2,0,aec676cb4f158f0821f99623e1443b0fa32f434938d38fa67b6b21585674b7fa,train
428,427,scan_e6c11cee14f94d7dbcba6bdebcb16276/e6c11cee14f94d7dbcba6bdebcb16276/0017_yaw138_pitch090.png,train,images/train/0427_0017_yaw138_pitch090.png,labels/train/0427_0017_yaw138_pitch090.txt,2,0,52f4ca9d12ba0036c1689fe7ecfb26e9b5e12b2350c3dddca6b0e859eaf23546,train
429,428,scan_e6c11cee14f94d7dbcba6bdebcb16276/e6c11cee14f94d7dbcba6bdebcb16276/0018_yaw141_pitch090.png,train,images/train/0428_0018_yaw141_pitch090.png,labels/train/0428_0018_yaw141_pitch090.txt,2,0,ddbf99508723b4cab86d6b7a641bd990d3d18b568babfeb50c746340ad0c63ba,train
430,429,scan_e6c11cee14f94d7dbcba6bdebcb16276/e6c11cee14f94d7dbcba6bdebcb16276/0019_yaw144_pitch090.png,train,images/train/0429_0019_yaw144_pitch090.png,labels/train/0429_0019_yaw144_pitch090.txt,2,0,33fb5899b6f4cd33da337daabd2af46791d41dcc08233562c0d0b2199498e1e7,train
431,430,scan_e6c11cee14f94d7dbcba6bdebcb16276/e6c11cee14f94d7dbcba6bdebcb16276/0020_yaw147_pitch090.png,train,images/train/0430_0020_yaw147_pitch090.png,labels/train/0430_0020_yaw147_pitch090.txt,2,0,dc76bbf05a6f912d1b0ca1e46b87cdceb9054836ecf26347792190c5c69bdd95,train
432,431,scan_e6c11cee14f94d7dbcba6bdebcb16276/e6c11cee14f94d7dbcba6bdebcb16276/0021_yaw150_pitch090.png,train,images/train/0431_0021_yaw150_pitch090.png,labels/train/0431_0021_yaw150_pitch090.txt,2,0,3b0cc2a3ad4dea32e277448aea8d261c257f38bdd330e61d31ee0298f0c6f876,train
433,432,scan_e6c11cee14f94d7dbcba6bdebcb16276/e6c11cee14f94d7dbcba6bdebcb16276/0022_yaw150_pitch093.png,train,images/train/0432_0022_yaw150_pitch093.png,labels/train/0432_0022_yaw150_pitch093.txt,2,0,87ca9d40a6247e3fec416a004322488d831c6f8dc7cd871704df1da21b0ce36b,train
434,433,scan_e6c11cee14f94d7dbcba6bdebcb16276/e6c11cee14f94d7dbcba6bdebcb16276/0023_yaw147_pitch093.png,train,images/train/0433_0023_yaw147_pitch093.png,labels/train/0433_0023_yaw147_pitch093.txt,2,0,e9ce40226686326a2d3daff05694d5aa68825f56c0faf50e24ef2d9b3a9bf49a,train
435,434,scan_e6c11cee14f94d7dbcba6bdebcb16276/e6c11cee14f94d7dbcba6bdebcb16276/0024_yaw144_pitch093.png,train,images/train/0434_0024_yaw144_pitch093.png,labels/train/0434_0024_yaw144_pitch093.txt,2,0,a22a6045d3795df568839d2bf18906a46fb1b712ba157ba60ad51ec0acdda990,train
436,435,scan_e6c11cee14f94d7dbcba6bdebcb16276/e6c11cee14f94d7dbcba6bdebcb16276/0025_yaw141_pitch093.png,train,images/train/0435_0025_yaw141_pitch093.png,labels/train/0435_0025_yaw141_pitch093.txt,2,0,945988324e28286c2f85db3fe08e7a0f507e148ebb6192a7aa1993a5a6f6ae82,train
437,436,scan_e6c11cee14f94d7dbcba6bdebcb16276/e6c11cee14f94d7dbcba6bdebcb16276/0026_yaw138_pitch093.png,train,images/train/0436_0026_yaw138_pitch093.png,labels/train/0436_0026_yaw138_pitch093.txt,2,0,d829921c637c1a9fbfdb488ad48d82808d9be460db748c3502bd2a03c0815acc,train
438,437,scan_e6c11cee14f94d7dbcba6bdebcb16276/e6c11cee14f94d7dbcba6bdebcb16276/0027_yaw135_pitch093.png,train,images/train/0437_0027_yaw135_pitch093.png,labels/train/0437_0027_yaw135_pitch093.txt,2,0,7ab4956be581ef451d5986680834a1dc495b74907ab191e5fb207cb41c8e3e64,train
439,438,scan_e6c11cee14f94d7dbcba6bdebcb16276/e6c11cee14f94d7dbcba6bdebcb16276/0028_yaw132_pitch093.png,train,images/train/0438_0028_yaw132_pitch093.png,labels/train/0438_0028_yaw132_pitch093.txt,2,0,14b2498f015f357d8113e484858f7b5eddd6935c5d60b191027a371dc4dab376,train
440,439,scan_e6c11cee14f94d7dbcba6bdebcb16276/e6c11cee14f94d7dbcba6bdebcb16276/0029_yaw129_pitch093.png,train,images/train/0439_0029_yaw129_pitch093.png,labels/train/0439_0029_yaw129_pitch093.txt,2,0,25ce305d3a9ada33f7ccd450580328556c99ba326294f1e16afc1257816b0b90,train
441,440,scan_e6c11cee14f94d7dbcba6bdebcb16276/e6c11cee14f94d7dbcba6bdebcb16276/0030_yaw126_pitch093.png,train,images/train/0440_0030_yaw126_pitch093.png,labels/train/0440_0030_yaw126_pitch093.txt,2,0,470d3478a7b0cc59238f3cdda626a2156bc1b22b7d063e3c5e605a27451282a2,train
442,441,scan_e6c11cee14f94d7dbcba6bdebcb16276/e6c11cee14f94d7dbcba6bdebcb16276/0031_yaw123_pitch093.png,train,images/train/0441_0031_yaw123_pitch093.png,labels/train/0441_0031_yaw123_pitch093.txt,2,0,4d348baef569247b91d601c7040a5b2d1fe9edfd28d1a7f57bfdb8b14b618614,train
443,442,scan_e6c11cee14f94d7dbcba6bdebcb16276/e6c11cee14f94d7dbcba6bdebcb16276/0032_yaw120_pitch093.png,train,images/train/0442_0032_yaw120_pitch093.png,labels/train/0442_0032_yaw120_pitch093.txt,2,0,bf5ce0c50123ba49791bbbaf8a42eb535500ebef6ee613a3f4c0b13890727958,train
444,443,scan_e6c11cee14f94d7dbcba6bdebcb16276/e6c11cee14f94d7dbcba6bdebcb16276/0033_yaw117_pitch093.png,train,images/train/0443_0033_yaw117_pitch093.png,labels/train/0443_0033_yaw117_pitch093.txt,2,0,55c8fcaf5e0dc33204d1b98516e60b47ba0f97721d1fc6222a2f2769aa68f445,train
445,444,scan_e6c11cee14f94d7dbcba6bdebcb16276/e6c11cee14f94d7dbcba6bdebcb16276/0034_yaw114_pitch093.png,train,images/train/0444_0034_yaw114_pitch093.png,labels/train/0444_0034_yaw114_pitch093.txt,2,0,398aad6e804e385fb8ff9f5ad18262d8a6acecda2b2796550c06d212d9083341,train
446,445,scan_e6c11cee14f94d7dbcba6bdebcb16276/e6c11cee14f94d7dbcba6bdebcb16276/0035_yaw111_pitch093.png,train,images/train/0445_0035_yaw111_pitch093.png,labels/train/0445_0035_yaw111_pitch093.txt,2,0,a1f8548adcb8ad9be42ad374a71416ac467ea5333672f5324e09f2214e82824a,train
447,446,scan_e6c11cee14f94d7dbcba6bdebcb16276/e6c11cee14f94d7dbcba6bdebcb16276/0036_yaw108_pitch093.png,train,images/train/0446_0036_yaw108_pitch093.png,labels/train/0446_0036_yaw108_pitch093.txt,2,0,381aa864be86b272027672c4feb72576380f0a2172721ced39b90bdce0b66982,train
448,447,scan_e6c11cee14f94d7dbcba6bdebcb16276/e6c11cee14f94d7dbcba6bdebcb16276/0037_yaw105_pitch093.png,train,images/train/0447_0037_yaw105_pitch093.png,labels/train/0447_0037_yaw105_pitch093.txt,2,0,913e72f81876914f7aabaf351b5e4a33627754b54133a575ed2d66eb34623582,train
449,448,scan_e6c11cee14f94d7dbcba6bdebcb16276/e6c11cee14f94d7dbcba6bdebcb16276/0038_yaw102_pitch093.png,train,images/train/0448_0038_yaw102_pitch093.png,labels/train/0448_0038_yaw102_pitch093.txt,2,0,e9065eebede025af36859a16f962bfc65528f61e62e5909dbb5b107cc3c39fb6,train
450,449,scan_e6c11cee14f94d7dbcba6bdebcb16276/e6c11cee14f94d7dbcba6bdebcb16276/0039_yaw099_pitch093.png,val,images/val/0449_0039_yaw099_pitch093.png,labels/val/0449_0039_yaw099_pitch093.txt,2,0,fb89eea9202db39ad373b2d5500f0728536c65edb1f5666b0fb8a25a01b13deb,train
451,450,scan_e6c11cee14f94d7dbcba6bdebcb16276/e6c11cee14f94d7dbcba6bdebcb16276/0040_yaw096_pitch093.png,val,images/val/0450_0040_yaw096_pitch093.png,labels/val/0450_0040_yaw096_pitch093.txt,2,0,93829853dc9bf7f81f06d0e81e0046e90a24eeeb4b305b96218538feb557201f,train
452,451,scan_e6c11cee14f94d7dbcba6bdebcb16276/e6c11cee14f94d7dbcba6bdebcb16276/0041_yaw093_pitch093.png,val,images/val/0451_0041_yaw093_pitch093.png,labels/val/0451_0041_yaw093_pitch093.txt,2,0,b5bd317c68e992759ef8a437de3b9aa2c0b0ed0e998be90119200965d2a44e89,train
453,452,scan_e6c11cee14f94d7dbcba6bdebcb16276/e6c11cee14f94d7dbcba6bdebcb16276/0042_yaw090_pitch093.png,val,images/val/0452_0042_yaw090_pitch093.png,labels/val/0452_0042_yaw090_pitch093.txt,2,0,7f9e203934bc7f34be2594fd6914d3fb4f19f5556fa01ba2f37c82cf625cc97a,train
454,453,scan_e6c11cee14f94d7dbcba6bdebcb16276/e6c11cee14f94d7dbcba6bdebcb16276/0043_yaw090_pitch096.png,val,images/val/0453_0043_yaw090_pitch096.png,labels/val/0453_0043_yaw090_pitch096.txt,2,0,0d8568a22ff5c901a66dc3ada726c5cc5c08d69ed908bbc16d1a4679970abf5b,train
455,454,scan_e6c11cee14f94d7dbcba6bdebcb16276/e6c11cee14f94d7dbcba6bdebcb16276/0044_yaw093_pitch096.png,val,images/val/0454_0044_yaw093_pitch096.png,labels/val/0454_0044_yaw093_pitch096.txt,2,0,c8e3992bb570e0f2c350e5d8ad093402f02c586518d06efae6fb4f32c81988a1,train
456,455,scan_e6c11cee14f94d7dbcba6bdebcb16276/e6c11cee14f94d7dbcba6bdebcb16276/0045_yaw096_pitch096.png,val,images/val/0455_0045_yaw096_pitch096.png,labels/val/0455_0045_yaw096_pitch096.txt,2,0,bafc254c4d3f7d17138328baf23f66bd82377feb61ce4908a21a6d2c36067b1a,train
457,456,scan_e6c11cee14f94d7dbcba6bdebcb16276/e6c11cee14f94d7dbcba6bdebcb16276/0046_yaw099_pitch096.png,val,images/val/0456_0046_yaw099_pitch096.png,labels/val/0456_0046_yaw099_pitch096.txt,2,0,712bbb6fc9854f18e7d098c81f7fa2461ad729cf42d088bbc843f98b52798168,train
458,457,scan_e6c11cee14f94d7dbcba6bdebcb16276/e6c11cee14f94d7dbcba6bdebcb16276/0047_yaw102_pitch096.png,train,images/train/0457_0047_yaw102_pitch096.png,labels/train/0457_0047_yaw102_pitch096.txt,2,0,fec310af429bec3774478a568ba25cc8b3669bd4aad057a02b961ef1d80ff4a2,train
459,458,scan_e6c11cee14f94d7dbcba6bdebcb16276/e6c11cee14f94d7dbcba6bdebcb16276/0048_yaw105_pitch096.png,train,images/train/0458_0048_yaw105_pitch096.png,labels/train/0458_0048_yaw105_pitch096.txt,2,0,42cd4c18e49772797f13c283e6d840c563133b732ccc1a6c69d66439c59a389f,train
460,459,scan_e6c11cee14f94d7dbcba6bdebcb16276/e6c11cee14f94d7dbcba6bdebcb16276/0049_yaw108_pitch096.png,train,images/train/0459_0049_yaw108_pitch096.png,labels/train/0459_0049_yaw108_pitch096.txt,2,0,468d63eef3c634ce8a1b9a59e77c91781b9430a915cb74274b2b80fe31edcbae,train
461,460,scan_e6c11cee14f94d7dbcba6bdebcb16276/e6c11cee14f94d7dbcba6bdebcb16276/0050_yaw111_pitch096.png,train,images/train/0460_0050_yaw111_pitch096.png,labels/train/0460_0050_yaw111_pitch096.txt,2,0,870d98134c5535f0338c1869b5fa136de845144ffaf2173e82aee58abc4f9071,train
462,461,scan_e6c11cee14f94d7dbcba6bdebcb16276/e6c11cee14f94d7dbcba6bdebcb16276/0051_yaw114_pitch096.png,train,images/train/0461_0051_yaw114_pitch096.png,labels/train/0461_0051_yaw114_pitch096.txt,2,0,7aaa00aa060d57eec0945eda382eb9864416b8ebff9e1834b24ee327fc5e4ee8,train
463,462,scan_e6c11cee14f94d7dbcba6bdebcb16276/e6c11cee14f94d7dbcba6bdebcb16276/0052_yaw117_pitch096.png,train,images/train/0462_0052_yaw117_pitch096.png,labels/train/0462_0052_yaw117_pitch096.txt,2,0,920262c64c501bb48dee2702ea61f8d1bba721d40db4d01f1a41179fa9e6d059,train
464,463,scan_e6c11cee14f94d7dbcba6bdebcb16276/e6c11cee14f94d7dbcba6bdebcb16276/0053_yaw120_pitch096.png,train,images/train/0463_0053_yaw120_pitch096.png,labels/train/0463_0053_yaw120_pitch096.txt,2,0,defc0dabfbb030eabb974124d693a9747a877ff8311d92c3186e1def214d9177,train
465,464,scan_e6c11cee14f94d7dbcba6bdebcb16276/e6c11cee14f94d7dbcba6bdebcb16276/0054_yaw123_pitch096.png,train,images/train/0464_0054_yaw123_pitch096.png,labels/train/0464_0054_yaw123_pitch096.txt,2,0,ebf30e86849b2debeb002dd701df7b7177f4fe80a520248a9e43ab7eb925e1bd,train
466,465,scan_e6c11cee14f94d7dbcba6bdebcb16276/e6c11cee14f94d7dbcba6bdebcb16276/0055_yaw126_pitch096.png,train,images/train/0465_0055_yaw126_pitch096.png,labels/train/0465_0055_yaw126_pitch096.txt,2,0,b329217c9ad104e6f94b1418b5da6045131cb1eab6bff8cbf0fbe2b9d703e6ed,train
467,466,scan_e6c11cee14f94d7dbcba6bdebcb16276/e6c11cee14f94d7dbcba6bdebcb16276/0056_yaw129_pitch096.png,train,images/train/0466_0056_yaw129_pitch096.png,labels/train/0466_0056_yaw129_pitch096.txt,2,0,913c0addb41d52fa62bbf322b43994169a1c54ee75022bb662c1669b5b9f3220,train
468,467,scan_e6c11cee14f94d7dbcba6bdebcb16276/e6c11cee14f94d7dbcba6bdebcb16276/0057_yaw132_pitch096.png,train,images/train/0467_0057_yaw132_pitch096.png,labels/train/0467_0057_yaw132_pitch096.txt,2,0,e61402458f5f63ade3db84199db8755714a5763a8f01f92c00143cd8655e2918,train
469,468,scan_e6c11cee14f94d7dbcba6bdebcb16276/e6c11cee14f94d7dbcba6bdebcb16276/0058_yaw135_pitch096.png,train,images/train/0468_0058_yaw135_pitch096.png,labels/train/0468_0058_yaw135_pitch096.txt,2,0,1ce099ee807ddda3463254dce70dfa7b43d24ab5ffb84d74ade80799b850958d,train
470,469,scan_e6c11cee14f94d7dbcba6bdebcb16276/e6c11cee14f94d7dbcba6bdebcb16276/0059_yaw138_pitch096.png,train,images/train/0469_0059_yaw138_pitch096.png,labels/train/0469_0059_yaw138_pitch096.txt,2,0,c6b32b6238956c7950a184926da0e3bcf9647a5537873eb3d3e7780021a46416,train
471,470,scan_e6c11cee14f94d7dbcba6bdebcb16276/e6c11cee14f94d7dbcba6bdebcb16276/0060_yaw141_pitch096.png,train,images/train/0470_0060_yaw141_pitch096.png,labels/train/0470_0060_yaw141_pitch096.txt,2,0,553a69848f1c95fa23be55549b19012e297639d07b4aded7b0075f72e0550526,train
472,471,scan_e6c11cee14f94d7dbcba6bdebcb16276/e6c11cee14f94d7dbcba6bdebcb16276/0061_yaw144_pitch096.png,train,images/train/0471_0061_yaw144_pitch096.png,labels/train/0471_0061_yaw144_pitch096.txt,2,0,837055265e311709378f36bf929e4779535cf5acc7941ff69da56fc74c81af76,train
473,472,scan_e6c11cee14f94d7dbcba6bdebcb16276/e6c11cee14f94d7dbcba6bdebcb16276/0062_yaw147_pitch096.png,train,images/train/0472_0062_yaw147_pitch096.png,labels/train/0472_0062_yaw147_pitch096.txt,2,0,6fd7b62c83897bc9ee9588f128caf10042d69e80a4f806f54138aeb888f73f5d,train
474,473,scan_e6c11cee14f94d7dbcba6bdebcb16276/e6c11cee14f94d7dbcba6bdebcb16276/0063_yaw150_pitch096.png,train,images/train/0473_0063_yaw150_pitch096.png,labels/train/0473_0063_yaw150_pitch096.txt,2,0,d4708875e680faa3dab485fffa7b08d880b8214d7681d310d8d7351414bb1489,train
475,474,scan_e6c11cee14f94d7dbcba6bdebcb16276/e6c11cee14f94d7dbcba6bdebcb16276/0064_yaw150_pitch099.png,train,images/train/0474_0064_yaw150_pitch099.png,labels/train/0474_0064_yaw150_pitch099.txt,2,0,74d0bffd013c20ab5dd4204b11f0c4452e1b4b2bf9508403e06d98ab07a02ffa,train
476,475,scan_e6c11cee14f94d7dbcba6bdebcb16276/e6c11cee14f94d7dbcba6bdebcb16276/0065_yaw147_pitch099.png,train,images/train/0475_0065_yaw147_pitch099.png,labels/train/0475_0065_yaw147_pitch099.txt,2,0,2ef15eee5567af749d5714e219da1701b45418fba726d6f442e91cce6be9fbe1,train
477,476,scan_e6c11cee14f94d7dbcba6bdebcb16276/e6c11cee14f94d7dbcba6bdebcb16276/0066_yaw144_pitch099.png,train,images/train/0476_0066_yaw144_pitch099.png,labels/train/0476_0066_yaw144_pitch099.txt,2,0,fda4a943e7c7aaca46a9b5ce2b82aeef6e34ad11f6674bf14db4415edf87a801,train
478,477,scan_e6c11cee14f94d7dbcba6bdebcb16276/e6c11cee14f94d7dbcba6bdebcb16276/0067_yaw141_pitch099.png,train,images/train/0477_0067_yaw141_pitch099.png,labels/train/0477_0067_yaw141_pitch099.txt,2,0,598adafb86e694d84ae52241d14fd076c7bb0174339654d1382d908ba4cc347d,train
479,478,scan_e6c11cee14f94d7dbcba6bdebcb16276/e6c11cee14f94d7dbcba6bdebcb16276/0068_yaw138_pitch099.png,train,images/train/0478_0068_yaw138_pitch099.png,labels/train/0478_0068_yaw138_pitch099.txt,2,0,6ec77e8329b191fa009a74f6008283a6b19fb85f863828a593aed5bbbfa759ba,train
480,479,scan_e6c11cee14f94d7dbcba6bdebcb16276/e6c11cee14f94d7dbcba6bdebcb16276/0069_yaw135_pitch099.png,train,images/train/0479_0069_yaw135_pitch099.png,labels/train/0479_0069_yaw135_pitch099.txt,2,0,3b100a4c6c650940fe5ae4959bcfed440a0e9694b3a3e0de93ed91092644c60e,train
481,480,scan_e6c11cee14f94d7dbcba6bdebcb16276/e6c11cee14f94d7dbcba6bdebcb16276/0070_yaw132_pitch099.png,train,images/train/0480_0070_yaw132_pitch099.png,labels/train/0480_0070_yaw132_pitch099.txt,2,0,69f56dab327a8a38809ec1775f0ea43dccfc1b94df4227ae6f024726240bad69,train
482,481,scan_e6c11cee14f94d7dbcba6bdebcb16276/e6c11cee14f94d7dbcba6bdebcb16276/0071_yaw129_pitch099.png,train,images/train/0481_0071_yaw129_pitch099.png,labels/train/0481_0071_yaw129_pitch099.txt,2,0,38eaa65fc5d1cebcd9b982e7e66f23064cae898ca9819f54711e2d4e97dfc4c9,train
483,482,scan_e6c11cee14f94d7dbcba6bdebcb16276/e6c11cee14f94d7dbcba6bdebcb16276/0072_yaw126_pitch099.png,train,images/train/0482_0072_yaw126_pitch099.png,labels/train/0482_0072_yaw126_pitch099.txt,2,0,f16826076b72729d1050b2be80824e3d29e26621d50da5e148b7106c9b72570e,train
484,483,scan_e6c11cee14f94d7dbcba6bdebcb16276/e6c11cee14f94d7dbcba6bdebcb16276/0073_yaw123_pitch099.png,train,images/train/0483_0073_yaw123_pitch099.png,labels/train/0483_0073_yaw123_pitch099.txt,2,0,ad4bac1f30339587942cd939eccdbf46bdc4dd49f2682ae7db3a4054caef47e4,train
485,484,scan_e6c11cee14f94d7dbcba6bdebcb16276/e6c11cee14f94d7dbcba6bdebcb16276/0074_yaw120_pitch099.png,train,images/train/0484_0074_yaw120_pitch099.png,labels/train/0484_0074_yaw120_pitch099.txt,2,0,493e81dc48e3b75c811c2330c8f8225dd9a84b4a3eefb464cb0f659add6c5ac6,train
486,485,scan_e6c11cee14f94d7dbcba6bdebcb16276/e6c11cee14f94d7dbcba6bdebcb16276/0075_yaw117_pitch099.png,train,images/train/0485_0075_yaw117_pitch099.png,labels/train/0485_0075_yaw117_pitch099.txt,2,0,c8693eb251d6e2ad00a1c9f4223f3c906f7f784233b1ad4e18b30d50af087f5b,train
487,486,scan_e6c11cee14f94d7dbcba6bdebcb16276/e6c11cee14f94d7dbcba6bdebcb16276/0076_yaw114_pitch099.png,train,images/train/0486_0076_yaw114_pitch099.png,labels/train/0486_0076_yaw114_pitch099.txt,2,0,5576a24cbeba3979f04084874b2ae1c5833b674e5d4b14dec6446749cb448102,train
488,487,scan_e6c11cee14f94d7dbcba6bdebcb16276/e6c11cee14f94d7dbcba6bdebcb16276/0077_yaw111_pitch099.png,train,images/train/0487_0077_yaw111_pitch099.png,labels/train/0487_0077_yaw111_pitch099.txt,2,0,0e9499e1d34d07ffa5f0538a1b4e6bb2cc05b768926d918fad662bc79f48a625,train
489,488,scan_e6c11cee14f94d7dbcba6bdebcb16276/e6c11cee14f94d7dbcba6bdebcb16276/0078_yaw108_pitch099.png,train,images/train/0488_0078_yaw108_pitch099.png,labels/train/0488_0078_yaw108_pitch099.txt,2,0,b1a9bffc0a9c187efd4e0ed94df48061786e149d0f3c6cbe6f05c11e9b5201ec,train
490,489,scan_e6c11cee14f94d7dbcba6bdebcb16276/e6c11cee14f94d7dbcba6bdebcb16276/0079_yaw105_pitch099.png,train,images/train/0489_0079_yaw105_pitch099.png,labels/train/0489_0079_yaw105_pitch099.txt,2,0,7ee66412d700c1c65e9999ae9b8617fc9079a797727478ead3eededf18fa814c,train
491,490,scan_e6c11cee14f94d7dbcba6bdebcb16276/e6c11cee14f94d7dbcba6bdebcb16276/0080_yaw102_pitch099.png,train,images/train/0490_0080_yaw102_pitch099.png,labels/train/0490_0080_yaw102_pitch099.txt,2,0,d432bffb7c20bee83278c17438625907f15c152e8a672c9c5c1911414322181f,train
492,491,scan_e6c11cee14f94d7dbcba6bdebcb16276/e6c11cee14f94d7dbcba6bdebcb16276/0081_yaw099_pitch099.png,train,images/train/0491_0081_yaw099_pitch099.png,labels/train/0491_0081_yaw099_pitch099.txt,2,0,01aebdff65054103d4cdeb0699e0ade457d70b4be4aaf8b43c3dc0e6d6af63e6,train
493,492,scan_e6c11cee14f94d7dbcba6bdebcb16276/e6c11cee14f94d7dbcba6bdebcb16276/0082_yaw096_pitch099.png,train,images/train/0492_0082_yaw096_pitch099.png,labels/train/0492_0082_yaw096_pitch099.txt,2,0,8b52b9848524f8393a1f0031fc54fdaf5065e62bca2867ebb57b957fbd66e625,train
494,493,scan_e6c11cee14f94d7dbcba6bdebcb16276/e6c11cee14f94d7dbcba6bdebcb16276/0083_yaw093_pitch099.png,train,images/train/0493_0083_yaw093_pitch099.png,labels/train/0493_0083_yaw093_pitch099.txt,2,0,0dcb2b64a8e153072d0f3b205d30d3419e40cf74d89e3b6aa63fee872b2ce77b,train
495,494,scan_e6c11cee14f94d7dbcba6bdebcb16276/e6c11cee14f94d7dbcba6bdebcb16276/0084_yaw090_pitch099.png,train,images/train/0494_0084_yaw090_pitch099.png,labels/train/0494_0084_yaw090_pitch099.txt,2,0,77499095c022a9ee8c5dcec3fc4e22ec071ec220a1559b616889cbc27f9ef39e,train
496,495,scan_e6c11cee14f94d7dbcba6bdebcb16276/e6c11cee14f94d7dbcba6bdebcb16276/0085_yaw090_pitch102.png,train,images/train/0495_0085_yaw090_pitch102.png,labels/train/0495_0085_yaw090_pitch102.txt,2,0,d1826e4177cf83efd997945d75fed8b7b6107d9a245b5476b65e9df87da0a452,train
497,496,scan_e6c11cee14f94d7dbcba6bdebcb16276/e6c11cee14f94d7dbcba6bdebcb16276/0086_yaw093_pitch102.png,train,images/train/0496_0086_yaw093_pitch102.png,labels/train/0496_0086_yaw093_pitch102.txt,2,0,97bf7b22b795c48ae36d77a8a79d70e584875375936a0a2fc98b20bbb775de15,train
498,497,scan_e6c11cee14f94d7dbcba6bdebcb16276/e6c11cee14f94d7dbcba6bdebcb16276/0087_yaw096_pitch102.png,train,images/train/0497_0087_yaw096_pitch102.png,labels/train/0497_0087_yaw096_pitch102.txt,2,0,0062eec67bc44203ac38723c4c46f6368f2bb5c3e7368b305c5c51fa7e69fe95,train
499,498,scan_e6c11cee14f94d7dbcba6bdebcb16276/e6c11cee14f94d7dbcba6bdebcb16276/0088_yaw099_pitch102.png,train,images/train/0498_0088_yaw099_pitch102.png,labels/train/0498_0088_yaw099_pitch102.txt,2,0,2bd5882c7b158802a43a2f1cdcf5b1d61f5829399ffcd5c4f73c7b984517efe2,train
500,499,scan_e6c11cee14f94d7dbcba6bdebcb16276/e6c11cee14f94d7dbcba6bdebcb16276/0089_yaw102_pitch102.png,train,images/train/0499_0089_yaw102_pitch102.png,labels/train/0499_0089_yaw102_pitch102.txt,2,0,b5099a41a1817d27bfee838ab5afe0b2c34fdcab5ec83c98d1b7600679203202,train
501,500,scan_e6c11cee14f94d7dbcba6bdebcb16276/e6c11cee14f94d7dbcba6bdebcb16276/0090_yaw105_pitch102.png,train,images/train/0500_0090_yaw105_pitch102.png,labels/train/0500_0090_yaw105_pitch102.txt,2,0,37f58cabc0eb16c12fc342d8d81d1ce55901e175a06b6838b1e7fdf4a5d09499,train
502,501,scan_e6c11cee14f94d7dbcba6bdebcb16276/e6c11cee14f94d7dbcba6bdebcb16276/0091_yaw108_pitch102.png,train,images/train/0501_0091_yaw108_pitch102.png,labels/train/0501_0091_yaw108_pitch102.txt,2,0,00fb50e6f8abb2c7672e6c0809a874d1bbfab39569aa97d6d339c481dbb87966,train
503,502,scan_e6c11cee14f94d7dbcba6bdebcb16276/e6c11cee14f94d7dbcba6bdebcb16276/0092_yaw111_pitch102.png,train,images/train/0502_0092_yaw111_pitch102.png,labels/train/0502_0092_yaw111_pitch102.txt,2,0,76ee7dc8d63d988859904da415bdfa9e688a987560e1219ad31025872002039f,train
504,503,scan_e6c11cee14f94d7dbcba6bdebcb16276/e6c11cee14f94d7dbcba6bdebcb16276/0093_yaw114_pitch102.png,train,images/train/0503_0093_yaw114_pitch102.png,labels/train/0503_0093_yaw114_pitch102.txt,2,0,4927c847c33e5a5a4434ed892984f6313da83cc750d5a4a3cecd365dc4b9320f,train
505,504,scan_e6c11cee14f94d7dbcba6bdebcb16276/e6c11cee14f94d7dbcba6bdebcb16276/0094_yaw117_pitch102.png,train,images/train/0504_0094_yaw117_pitch102.png,labels/train/0504_0094_yaw117_pitch102.txt,2,0,115c66aced4ae12eef457c2b3ee6fb8fce3a1d68bc618e03245deeeb0d667a85,train
506,505,scan_e6c11cee14f94d7dbcba6bdebcb16276/e6c11cee14f94d7dbcba6bdebcb16276/0095_yaw120_pitch102.png,train,images/train/0505_0095_yaw120_pitch102.png,labels/train/0505_0095_yaw120_pitch102.txt,2,0,2a44ebd4a628ba15f6c0b35f068f94bb4b82e39a201b137ea1cc8c2639932e8d,train
507,506,scan_e6c11cee14f94d7dbcba6bdebcb16276/e6c11cee14f94d7dbcba6bdebcb16276/0096_yaw123_pitch102.png,train,images/train/0506_0096_yaw123_pitch102.png,labels/train/0506_0096_yaw123_pitch102.txt,2,0,ee97a804aa4b037a461cab116f6ae2689abbccb8b89911fa137c69200028c201,train
508,507,scan_e6c11cee14f94d7dbcba6bdebcb16276/e6c11cee14f94d7dbcba6bdebcb16276/0097_yaw126_pitch102.png,train,images/train/0507_0097_yaw126_pitch102.png,labels/train/0507_0097_yaw126_pitch102.txt,2,0,0ca71d2ce7680f8386d88177fdd018bf07e2e4100763e99b69d73bc2b94387e9,train
509,508,scan_e6c11cee14f94d7dbcba6bdebcb16276/e6c11cee14f94d7dbcba6bdebcb16276/0098_yaw129_pitch102.png,train,images/train/0508_0098_yaw129_pitch102.png,labels/train/0508_0098_yaw129_pitch102.txt,2,0,01527dc56bf2474a78b6e494131b14b3961b04054f3c4e97bcf49c75b90a3ac2,train
510,509,scan_e6c11cee14f94d7dbcba6bdebcb16276/e6c11cee14f94d7dbcba6bdebcb16276/0099_yaw132_pitch102.png,train,images/train/0509_0099_yaw132_pitch102.png,labels/train/0509_0099_yaw132_pitch102.txt,2,0,0a2d3c4c7b560d13994226d0fca2209b85214ed90b21b0d3c1658e9f47dc11eb,train
511,510,scan_e6c11cee14f94d7dbcba6bdebcb16276/e6c11cee14f94d7dbcba6bdebcb16276/0100_yaw135_pitch102.png,train,images/train/0510_0100_yaw135_pitch102.png,labels/train/0510_0100_yaw135_pitch102.txt,2,0,9cd4d2b40446ce664f126805c1ecb315e957473be1ffd084d5be4c99d7248a26,train
512,511,scan_e6c11cee14f94d7dbcba6bdebcb16276/e6c11cee14f94d7dbcba6bdebcb16276/0101_yaw138_pitch102.png,train,images/train/0511_0101_yaw138_pitch102.png,labels/train/0511_0101_yaw138_pitch102.txt,2,0,d3b0753c7ff913bbda19699bcf15edcc6a23028f9ea9951ec51e028a00dd413f,train
513,512,scan_e6c11cee14f94d7dbcba6bdebcb16276/e6c11cee14f94d7dbcba6bdebcb16276/0102_yaw141_pitch102.png,train,images/train/0512_0102_yaw141_pitch102.png,labels/train/0512_0102_yaw141_pitch102.txt,2,0,cdd63b77454a4f60a59d33d4f2e180e754bc707ddfe97101ca40f521b6794deb,train
514,513,scan_e6c11cee14f94d7dbcba6bdebcb16276/e6c11cee14f94d7dbcba6bdebcb16276/0103_yaw144_pitch102.png,train,images/train/0513_0103_yaw144_pitch102.png,labels/train/0513_0103_yaw144_pitch102.txt,2,0,ecadd2126710de3ee2ade12e078a7ed8264e978624eb33da530a7a926f7f528b,train
515,514,scan_e6c11cee14f94d7dbcba6bdebcb16276/e6c11cee14f94d7dbcba6bdebcb16276/0104_yaw147_pitch102.png,train,images/train/0514_0104_yaw147_pitch102.png,labels/train/0514_0104_yaw147_pitch102.txt,2,0,5fbc5042dabc46fde7c5308eb4fea18c373fcb18df6aa9675de8f2bfdd5bb18c,train
516,515,scan_e6c11cee14f94d7dbcba6bdebcb16276/e6c11cee14f94d7dbcba6bdebcb16276/0105_yaw150_pitch102.png,train,images/train/0515_0105_yaw150_pitch102.png,labels/train/0515_0105_yaw150_pitch102.txt,2,0,02b089f6353d548279896f9916219ab769eefde2f98a6e72c06efa2be771d57a,train
517,516,scan_e6c11cee14f94d7dbcba6bdebcb16276/e6c11cee14f94d7dbcba6bdebcb16276/0106_yaw150_pitch105.png,train,images/train/0516_0106_yaw150_pitch105.png,labels/train/0516_0106_yaw150_pitch105.txt,2,0,4370ac3551792a6cb979cfecded1e2bbe6c899f15a12e65f650b7d7e8e5185eb,train
518,517,scan_e6c11cee14f94d7dbcba6bdebcb16276/e6c11cee14f94d7dbcba6bdebcb16276/0107_yaw147_pitch105.png,train,images/train/0517_0107_yaw147_pitch105.png,labels/train/0517_0107_yaw147_pitch105.txt,2,0,761da0cd45a9bc5e32fa93038f31a2912118c9ea7a917f9f07bf7d1abf0a7749,train
519,518,scan_e6c11cee14f94d7dbcba6bdebcb16276/e6c11cee14f94d7dbcba6bdebcb16276/0108_yaw144_pitch105.png,train,images/train/0518_0108_yaw144_pitch105.png,labels/train/0518_0108_yaw144_pitch105.txt,2,0,4d1396e50cfec27af2756883acaeb0f2f44808ce73fcf8da040111094f036f3b,train
520,519,scan_e6c11cee14f94d7dbcba6bdebcb16276/e6c11cee14f94d7dbcba6bdebcb16276/0109_yaw141_pitch105.png,train,images/train/0519_0109_yaw141_pitch105.png,labels/train/0519_0109_yaw141_pitch105.txt,2,0,346241607c7ae9c3b76c4d5beda0be8171dd2bea0844ffc5ef861edd7046d169,train
521,520,scan_e6c11cee14f94d7dbcba6bdebcb16276/e6c11cee14f94d7dbcba6bdebcb16276/0110_yaw138_pitch105.png,train,images/train/0520_0110_yaw138_pitch105.png,labels/train/0520_0110_yaw138_pitch105.txt,2,0,efcf95c9ccb9e9107abfc1ab513d57e805ff5c3ba0bd5b8467b0092841ed56d1,train
522,521,scan_e6c11cee14f94d7dbcba6bdebcb16276/e6c11cee14f94d7dbcba6bdebcb16276/0111_yaw135_pitch105.png,train,images/train/0521_0111_yaw135_pitch105.png,labels/train/0521_0111_yaw135_pitch105.txt,2,0,596bd29cad0d33c60b41112a55edbfeeb5bf2775cc93cf19d03fe08f6db7c7bf,train
523,522,scan_e6c11cee14f94d7dbcba6bdebcb16276/e6c11cee14f94d7dbcba6bdebcb16276/0112_yaw132_pitch105.png,train,images/train/0522_0112_yaw132_pitch105.png,labels/train/0522_0112_yaw132_pitch105.txt,2,0,3c4ef0cc8af4b7afdecf4902d182df673f1a3a90936daf58d0e32d3d3d2e9b74,train
524,523,scan_e6c11cee14f94d7dbcba6bdebcb16276/e6c11cee14f94d7dbcba6bdebcb16276/0113_yaw129_pitch105.png,train,images/train/0523_0113_yaw129_pitch105.png,labels/train/0523_0113_yaw129_pitch105.txt,2,0,14ae19aa1a3b19bead199fbe9d0b14c901b18816c845d7a112c8d31ef4d43de8,train
525,524,scan_e6c11cee14f94d7dbcba6bdebcb16276/e6c11cee14f94d7dbcba6bdebcb16276/0114_yaw126_pitch105.png,train,images/train/0524_0114_yaw126_pitch105.png,labels/train/0524_0114_yaw126_pitch105.txt,2,0,8c0c933c76656f2e066343372949f623e419527d666a504cc6b78b61b2ae75ab,train
526,525,scan_e6c11cee14f94d7dbcba6bdebcb16276/e6c11cee14f94d7dbcba6bdebcb16276/0115_yaw123_pitch105.png,train,images/train/0525_0115_yaw123_pitch105.png,labels/train/0525_0115_yaw123_pitch105.txt,2,0,3092d22cc7be86df94b1e815ab61260e67daab68ff67e077b8e12628b1e3e142,train
527,526,scan_e6c11cee14f94d7dbcba6bdebcb16276/e6c11cee14f94d7dbcba6bdebcb16276/0116_yaw120_pitch105.png,train,images/train/0526_0116_yaw120_pitch105.png,labels/train/0526_0116_yaw120_pitch105.txt,2,0,7a465e5e0ff733979f8ac7e3ff77058be3b198c7811980dd21d4440c5acefd17,train
528,527,scan_e6c11cee14f94d7dbcba6bdebcb16276/e6c11cee14f94d7dbcba6bdebcb16276/0117_yaw117_pitch105.png,train,images/train/0527_0117_yaw117_pitch105.png,labels/train/0527_0117_yaw117_pitch105.txt,2,0,05b161d1e50f7de00bc96d88f8aefbb14cc7078af64a4aee37a5eb58211b7cbc,train
529,528,scan_e6c11cee14f94d7dbcba6bdebcb16276/e6c11cee14f94d7dbcba6bdebcb16276/0118_yaw114_pitch105.png,train,images/train/0528_0118_yaw114_pitch105.png,labels/train/0528_0118_yaw114_pitch105.txt,2,0,a2d9307f50183c5ec42dd45620e68368e028be732f7d9fc7f189108e461d433d,train
530,529,scan_e6c11cee14f94d7dbcba6bdebcb16276/e6c11cee14f94d7dbcba6bdebcb16276/0119_yaw111_pitch105.png,train,images/train/0529_0119_yaw111_pitch105.png,labels/train/0529_0119_yaw111_pitch105.txt,2,0,28415c9692a733323892f5bb36ed2e76bdec344aa09a2d1ce3c43cd9d940c8ec,train
531,530,scan_e6c11cee14f94d7dbcba6bdebcb16276/e6c11cee14f94d7dbcba6bdebcb16276/0120_yaw108_pitch105.png,train,images/train/0530_0120_yaw108_pitch105.png,labels/train/0530_0120_yaw108_pitch105.txt,2,0,f0046c546c699f8972868de28d296bdce468c2f88643095556c55fa1595bbe21,train
532,531,scan_e6c11cee14f94d7dbcba6bdebcb16276/e6c11cee14f94d7dbcba6bdebcb16276/0121_yaw105_pitch105.png,train,images/train/0531_0121_yaw105_pitch105.png,labels/train/0531_0121_yaw105_pitch105.txt,2,0,1e79e8fc155b3d2af98a379a5e697db3ab8032f965664ce54542cc38fefc5a27,train
533,532,scan_e6c11cee14f94d7dbcba6bdebcb16276/e6c11cee14f94d7dbcba6bdebcb16276/0122_yaw102_pitch105.png,train,images/train/0532_0122_yaw102_pitch105.png,labels/train/0532_0122_yaw102_pitch105.txt,2,0,e4f42d83113863ceedf4c3530ab1341aea743dbd2246c6dea3aa2e6a8052f61f,train
534,533,scan_e6c11cee14f94d7dbcba6bdebcb16276/e6c11cee14f94d7dbcba6bdebcb16276/0123_yaw099_pitch105.png,test,images/test/0533_0123_yaw099_pitch105.png,labels/test/0533_0123_yaw099_pitch105.txt,2,0,8d0ae018ef67627a6a720802771ead4d6ae32abf8b7340a34c548f077e1694a9,train
535,534,scan_e6c11cee14f94d7dbcba6bdebcb16276/e6c11cee14f94d7dbcba6bdebcb16276/0124_yaw096_pitch105.png,test,images/test/0534_0124_yaw096_pitch105.png,labels/test/0534_0124_yaw096_pitch105.txt,2,0,0862ec310d641c6758890b4388a6e6714d301298d8c1f944f6e3efb6244d125d,train
536,535,scan_e6c11cee14f94d7dbcba6bdebcb16276/e6c11cee14f94d7dbcba6bdebcb16276/0125_yaw093_pitch105.png,test,images/test/0535_0125_yaw093_pitch105.png,labels/test/0535_0125_yaw093_pitch105.txt,2,0,02e79ca84fda3b6eea0f2bfd17c86192ba29a79793890c09eeb8c09e9256c0a7,train
537,536,scan_e6c11cee14f94d7dbcba6bdebcb16276/e6c11cee14f94d7dbcba6bdebcb16276/0126_yaw090_pitch105.png,test,images/test/0536_0126_yaw090_pitch105.png,labels/test/0536_0126_yaw090_pitch105.txt,2,0,9cff4c87e032684b8a53b56b4a5288a50480c4cd6767ec619fcc6b43f47aa474,train
538,537,scan_e6c11cee14f94d7dbcba6bdebcb16276/e6c11cee14f94d7dbcba6bdebcb16276/0127_yaw090_pitch108.png,test,images/test/0537_0127_yaw090_pitch108.png,labels/test/0537_0127_yaw090_pitch108.txt,2,0,65488dd7304d2e98a8656246116f2126b62b38398a2e1ee4550b9411ae009e2a,train
539,538,scan_e6c11cee14f94d7dbcba6bdebcb16276/e6c11cee14f94d7dbcba6bdebcb16276/0128_yaw093_pitch108.png,test,images/test/0538_0128_yaw093_pitch108.png,labels/test/0538_0128_yaw093_pitch108.txt,2,0,3b6b46a61e9ce88d7f94004e68f308d44a42ec4721b906b1f472ccba1725e729,train
540,539,scan_e6c11cee14f94d7dbcba6bdebcb16276/e6c11cee14f94d7dbcba6bdebcb16276/0129_yaw096_pitch108.png,test,images/test/0539_0129_yaw096_pitch108.png,labels/test/0539_0129_yaw096_pitch108.txt,2,0,14e515ff76df9469d5768a02bb19efb4a92661891492eadbbf6f567a6fa3aa32,train
541,540,scan_e6c11cee14f94d7dbcba6bdebcb16276/e6c11cee14f94d7dbcba6bdebcb16276/0130_yaw099_pitch108.png,test,images/test/0540_0130_yaw099_pitch108.png,labels/test/0540_0130_yaw099_pitch108.txt,2,0,48f3429f61fcc09b7b0aee7bce1b979da99db5480f97a54e4103c8541abbc6a9,train
542,541,scan_e6c11cee14f94d7dbcba6bdebcb16276/e6c11cee14f94d7dbcba6bdebcb16276/0131_yaw102_pitch108.png,train,images/train/0541_0131_yaw102_pitch108.png,labels/train/0541_0131_yaw102_pitch108.txt,2,0,a6f956bff96f6d4376bfab2d189be241034bf5255e70f049a66da8d89596ca71,train
543,542,scan_e6c11cee14f94d7dbcba6bdebcb16276/e6c11cee14f94d7dbcba6bdebcb16276/0132_yaw105_pitch108.png,train,images/train/0542_0132_yaw105_pitch108.png,labels/train/0542_0132_yaw105_pitch108.txt,2,0,5b1737b78b4bf07d6faacf68582e94b7d44b94c67db140e90907c591b0cfdfc7,train
544,543,scan_e6c11cee14f94d7dbcba6bdebcb16276/e6c11cee14f94d7dbcba6bdebcb16276/0133_yaw108_pitch108.png,train,images/train/0543_0133_yaw108_pitch108.png,labels/train/0543_0133_yaw108_pitch108.txt,2,0,388da79bbe536af9199cbef15a5208d16c5765fabc7fb5f87e6a8420f5e355a2,train
545,544,scan_e6c11cee14f94d7dbcba6bdebcb16276/e6c11cee14f94d7dbcba6bdebcb16276/0134_yaw111_pitch108.png,train,images/train/0544_0134_yaw111_pitch108.png,labels/train/0544_0134_yaw111_pitch108.txt,2,0,01dd0d906dacf58187b2ababc426f72e6c39c26753d515e630f9c083fa94d033,train
546,545,scan_e6c11cee14f94d7dbcba6bdebcb16276/e6c11cee14f94d7dbcba6bdebcb16276/0135_yaw114_pitch108.png,train,images/train/0545_0135_yaw114_pitch108.png,labels/train/0545_0135_yaw114_pitch108.txt,2,0,3c3dcc231ee084fc6b2e3f6cb2d49a43001087a768d0748f13ca81880b251b56,train
547,546,scan_e6c11cee14f94d7dbcba6bdebcb16276/e6c11cee14f94d7dbcba6bdebcb16276/0136_yaw117_pitch108.png,train,images/train/0546_0136_yaw117_pitch108.png,labels/train/0546_0136_yaw117_pitch108.txt,2,0,563c7ba61638259f36bdbb6bba82e47290263c4bfbd39888d74bbe73d83ae36b,train
548,547,scan_e6c11cee14f94d7dbcba6bdebcb16276/e6c11cee14f94d7dbcba6bdebcb16276/0137_yaw120_pitch108.png,train,images/train/0547_0137_yaw120_pitch108.png,labels/train/0547_0137_yaw120_pitch108.txt,2,0,3e8d03ac57b461b4f275df8d6b914bb976088c53eb0c878a2e04b1ede1703beb,train
549,548,scan_e6c11cee14f94d7dbcba6bdebcb16276/e6c11cee14f94d7dbcba6bdebcb16276/0138_yaw123_pitch108.png,train,images/train/0548_0138_yaw123_pitch108.png,labels/train/0548_0138_yaw123_pitch108.txt,2,0,b61a48bdd577e16cde8aa13bf4fec8cd9f7127cc47dba8da3cc9a8df33b1f6bf,train
550,549,scan_e6c11cee14f94d7dbcba6bdebcb16276/e6c11cee14f94d7dbcba6bdebcb16276/0139_yaw126_pitch108.png,train,images/train/0549_0139_yaw126_pitch108.png,labels/train/0549_0139_yaw126_pitch108.txt,2,0,16d90797d0a0c50186f496d866655fd652363c927170b29c84a3445aca6e1f8d,train
551,550,scan_e6c11cee14f94d7dbcba6bdebcb16276/e6c11cee14f94d7dbcba6bdebcb16276/0140_yaw129_pitch108.png,train,images/train/0550_0140_yaw129_pitch108.png,labels/train/0550_0140_yaw129_pitch108.txt,2,0,34c065c995ec8e0aa1553fac47f7dbfc8541ec481a00ffa6b3ba055411bee942,train
552,551,scan_e6c11cee14f94d7dbcba6bdebcb16276/e6c11cee14f94d7dbcba6bdebcb16276/0141_yaw132_pitch108.png,train,images/train/0551_0141_yaw132_pitch108.png,labels/train/0551_0141_yaw132_pitch108.txt,2,0,bd407fe57a937e662a3f012c8f572cabcca2548ebc455a656be283e1e68c0cbe,train
553,552,scan_e6c11cee14f94d7dbcba6bdebcb16276/e6c11cee14f94d7dbcba6bdebcb16276/0142_yaw135_pitch108.png,train,images/train/0552_0142_yaw135_pitch108.png,labels/train/0552_0142_yaw135_pitch108.txt,2,0,3b510591060d8b321a67d9d7a6b67ca01e7248b3ff583f48829c8ed1cf737cf4,train
554,553,scan_e6c11cee14f94d7dbcba6bdebcb16276/e6c11cee14f94d7dbcba6bdebcb16276/0143_yaw138_pitch108.png,train,images/train/0553_0143_yaw138_pitch108.png,labels/train/0553_0143_yaw138_pitch108.txt,2,0,31704a0d040c1fdde76f263d13d96e2c0dbba65cc082061843fd7eb0e5419c37,train
555,554,scan_e6c11cee14f94d7dbcba6bdebcb16276/e6c11cee14f94d7dbcba6bdebcb16276/0144_yaw141_pitch108.png,train,images/train/0554_0144_yaw141_pitch108.png,labels/train/0554_0144_yaw141_pitch108.txt,2,0,bfe82aa07cb972b8e3e209d8c40316d0a3f06ea8027d62b5be883784739c8268,train
556,555,scan_e6c11cee14f94d7dbcba6bdebcb16276/e6c11cee14f94d7dbcba6bdebcb16276/0145_yaw144_pitch108.png,train,images/train/0555_0145_yaw144_pitch108.png,labels/train/0555_0145_yaw144_pitch108.txt,2,0,be0e17ab34d51b15e9ad6a8b31bd94753f1b62ddbc574ea1fa7bb8b39f149ae2,train
557,556,scan_e6c11cee14f94d7dbcba6bdebcb16276/e6c11cee14f94d7dbcba6bdebcb16276/0146_yaw147_pitch108.png,train,images/train/0556_0146_yaw147_pitch108.png,labels/train/0556_0146_yaw147_pitch108.txt,2,0,77017e8b761d732958b6c4b39464264da6952332abdf3bbdcf1451167c429828,train
558,557,scan_e6c11cee14f94d7dbcba6bdebcb16276/e6c11cee14f94d7dbcba6bdebcb16276/0147_yaw150_pitch108.png,train,images/train/0557_0147_yaw150_pitch108.png,labels/train/0557_0147_yaw150_pitch108.txt,2,0,2e8dec67b84871707eb036028ddfcbd8d7ede1c52590372b348f2dc5ea1beee4,train
559,558,scan_e6c11cee14f94d7dbcba6bdebcb16276/e6c11cee14f94d7dbcba6bdebcb16276/0148_yaw150_pitch110.png,train,images/train/0558_0148_yaw150_pitch110.png,labels/train/0558_0148_yaw150_pitch110.txt,2,0,5e115662695208c98dddb0c64f06688af4a4b56965ff961e3f96c978da9b1c14,train
560,559,scan_e6c11cee14f94d7dbcba6bdebcb16276/e6c11cee14f94d7dbcba6bdebcb16276/0149_yaw147_pitch110.png,train,images/train/0559_0149_yaw147_pitch110.png,labels/train/0559_0149_yaw147_pitch110.txt,2,0,ef5048ef5d24e9b256b5af2574a051e4463a08298f0a8321502fda14e003b52c,train
561,560,scan_e6c11cee14f94d7dbcba6bdebcb16276/e6c11cee14f94d7dbcba6bdebcb16276/0150_yaw144_pitch110.png,train,images/train/0560_0150_yaw144_pitch110.png,labels/train/0560_0150_yaw144_pitch110.txt,2,0,970be4a18cc9071634c7518822a997bce943c05aa33a3198b2f9ea7130020756,train
562,561,scan_e6c11cee14f94d7dbcba6bdebcb16276/e6c11cee14f94d7dbcba6bdebcb16276/0151_yaw141_pitch110.png,train,images/train/0561_0151_yaw141_pitch110.png,labels/train/0561_0151_yaw141_pitch110.txt,2,0,f0e00a80277746b1a38e5693e2b5917c1eceb8c085814f119465de3c9861f8f8,train
563,562,scan_e6c11cee14f94d7dbcba6bdebcb16276/e6c11cee14f94d7dbcba6bdebcb16276/0152_yaw138_pitch110.png,train,images/train/0562_0152_yaw138_pitch110.png,labels/train/0562_0152_yaw138_pitch110.txt,2,0,026acdf25b2dac2374edf4213f34c426a64f117a4750e41617747d1a25c0a4f5,train
564,563,scan_e6c11cee14f94d7dbcba6bdebcb16276/e6c11cee14f94d7dbcba6bdebcb16276/0153_yaw135_pitch110.png,train,images/train/0563_0153_yaw135_pitch110.png,labels/train/0563_0153_yaw135_pitch110.txt,2,0,c297c8d836aee0a8030553f65f86449f7770b5bbe7f73bda1155cccdf2c30ca8,train
565,564,scan_e6c11cee14f94d7dbcba6bdebcb16276/e6c11cee14f94d7dbcba6bdebcb16276/0154_yaw132_pitch110.png,train,images/train/0564_0154_yaw132_pitch110.png,labels/train/0564_0154_yaw132_pitch110.txt,2,0,adfa45e9cdd72cbe386998aaf82a43ca465b775686893e81c546c533b0d26cc4,train
566,565,scan_e6c11cee14f94d7dbcba6bdebcb16276/e6c11cee14f94d7dbcba6bdebcb16276/0155_yaw129_pitch110.png,train,images/train/0565_0155_yaw129_pitch110.png,labels/train/0565_0155_yaw129_pitch110.txt,2,0,f5ac345d0bbc3a11e4ac68e131404c71f475d19dc17fedd68e2fe257d3b3828b,train
567,566,scan_e6c11cee14f94d7dbcba6bdebcb16276/e6c11cee14f94d7dbcba6bdebcb16276/0156_yaw126_pitch110.png,train,images/train/0566_0156_yaw126_pitch110.png,labels/train/0566_0156_yaw126_pitch110.txt,2,0,68c449e415c4f0b898210190f003786e1d7ff3f0a5ac868295c9b65a382f9454,train
568,567,scan_e6c11cee14f94d7dbcba6bdebcb16276/e6c11cee14f94d7dbcba6bdebcb16276/0157_yaw123_pitch110.png,train,images/train/0567_0157_yaw123_pitch110.png,labels/train/0567_0157_yaw123_pitch110.txt,2,0,268a79e8666e8c0dd4cea4f4ecaac11431fc0da823f3bc07251fbde00050a806,train
569,568,scan_e6c11cee14f94d7dbcba6bdebcb16276/e6c11cee14f94d7dbcba6bdebcb16276/0158_yaw120_pitch110.png,train,images/train/0568_0158_yaw120_pitch110.png,labels/train/0568_0158_yaw120_pitch110.txt,2,0,e97cfb2da5e3e38022f12e865b6140970534ebd4c0e6669888aab29ee453bc91,train
570,569,scan_e6c11cee14f94d7dbcba6bdebcb16276/e6c11cee14f94d7dbcba6bdebcb16276/0159_yaw117_pitch110.png,train,images/train/0569_0159_yaw117_pitch110.png,labels/train/0569_0159_yaw117_pitch110.txt,2,0,4d79f10bfbd1cbed4591b29c2df441eb606a19813f35523e132c0fb3d828358f,train
571,570,scan_e6c11cee14f94d7dbcba6bdebcb16276/e6c11cee14f94d7dbcba6bdebcb16276/0160_yaw114_pitch110.png,train,images/train/0570_0160_yaw114_pitch110.png,labels/train/0570_0160_yaw114_pitch110.txt,2,0,8db263c69819af185b9b8454cbbdd5a7b527afb451119d65301f102ffe0eebfb,train
572,571,scan_e6c11cee14f94d7dbcba6bdebcb16276/e6c11cee14f94d7dbcba6bdebcb16276/0161_yaw111_pitch110.png,train,images/train/0571_0161_yaw111_pitch110.png,labels/train/0571_0161_yaw111_pitch110.txt,2,0,37872fb317c26d435589e32425f9f7f3a64b5fb3780381b2868fd0130fb4b295,train
573,572,scan_e6c11cee14f94d7dbcba6bdebcb16276/e6c11cee14f94d7dbcba6bdebcb16276/0162_yaw108_pitch110.png,train,images/train/0572_0162_yaw108_pitch110.png,labels/train/0572_0162_yaw108_pitch110.txt,2,0,7f8c0c2a88c929ba42b146249c74f6d5adf8e10d6db024c109fd70efd2e9c0be,train
574,573,scan_e6c11cee14f94d7dbcba6bdebcb16276/e6c11cee14f94d7dbcba6bdebcb16276/0163_yaw105_pitch110.png,train,images/train/0573_0163_yaw105_pitch110.png,labels/train/0573_0163_yaw105_pitch110.txt,2,0,3c0589561fb64ea6b274ec78245cc1e64107b1c51fff2d0c0de96f3b2ff25d45,train
575,574,scan_e6c11cee14f94d7dbcba6bdebcb16276/e6c11cee14f94d7dbcba6bdebcb16276/0164_yaw102_pitch110.png,train,images/train/0574_0164_yaw102_pitch110.png,labels/train/0574_0164_yaw102_pitch110.txt,2,0,3bbef46d1b08c36bb68249c88bc5bb83e6028bba48cde5a6d2b70eb81bbdbf7c,train
576,575,scan_e6c11cee14f94d7dbcba6bdebcb16276/e6c11cee14f94d7dbcba6bdebcb16276/0165_yaw099_pitch110.png,train,images/train/0575_0165_yaw099_pitch110.png,labels/train/0575_0165_yaw099_pitch110.txt,2,0,3a8dd70c6d924e57c28291312026e3b00d4ca01a0af2e19c4c4f12f57d93ee98,train
577,576,scan_e6c11cee14f94d7dbcba6bdebcb16276/e6c11cee14f94d7dbcba6bdebcb16276/0166_yaw096_pitch110.png,train,images/train/0576_0166_yaw096_pitch110.png,labels/train/0576_0166_yaw096_pitch110.txt,2,0,d1165356e64e1e946aabdb5e0d3175e3c8af22d1c0249e80ca5aa3cdbc3780f9,train
578,577,scan_e6c11cee14f94d7dbcba6bdebcb16276/e6c11cee14f94d7dbcba6bdebcb16276/0167_yaw093_pitch110.png,train,images/train/0577_0167_yaw093_pitch110.png,labels/train/0577_0167_yaw093_pitch110.txt,2,0,10afaedb6832c8ea46e692391837849d9f7abd7870addfddcfa1a65fdee83d09,train
579,578,scan_e6c11cee14f94d7dbcba6bdebcb16276/e6c11cee14f94d7dbcba6bdebcb16276/0168_yaw090_pitch110.png,train,images/train/0578_0168_yaw090_pitch110.png,labels/train/0578_0168_yaw090_pitch110.txt,2,0,4269591266315d05af2aec3526c582c2361a51e42420602a08054ba4f2e5d2a1,train
